"vehicle_id","neighbor_id","score","rank","computed_at"
"1C4RJGBG9SC363955","1C4RJXR65SW512437","0.49348727271304055",29,"2026-06-07 11:00:19.489305"
"1C4RJGBG9SC363955","1C6RREBG2MN711445","1.0",21,"2026-06-07 11:00:19.489305"
"1C4RJGBG9SC363955","1C6SRFBT6MN796293","1.0",17,"2026-06-07 11:00:19.489305"
"1C4RJGBG9SC363955","1C6SRFFT3MN695030","1.0",13,"2026-06-07 11:00:19.489305"
"1C4RJGBG9SC363955","1C6SRFFT4MN696283","0.8681842762664499",24,"2026-06-07 11:00:19.489305"
"1C4RJGBG9SC363955","1C6SRFFT6MN650230","1.0",15,"2026-06-07 11:00:19.489305"
"1C4RJGBG9SC363955","1C6SRFJT3MN776133","0.6898019764444676",27,"2026-06-07 11:00:19.489305"
"1C4RJGBG9SC363955","1C6SRFLT8MN535682","1.0",16,"2026-06-07 11:00:19.489305"
"1C4RJGBG9SC363955","1C6SRFU91MN903641","1.0",14,"2026-06-07 11:00:19.489305"
"1C4RJGBG9SC363955","1C6SRFU99MN684833","1.0",22,"2026-06-07 11:00:19.489305"
"1C4RJGBG9SC363955","1HGCV1F3XJA000638","1.0",4,"2026-06-07 11:00:19.489305"
"1C4RJGBG9SC363955","1HGCV2F53JA026652","1.0",6,"2026-06-07 11:00:19.489305"
"1C4RJGBG9SC363955","1HGCV2F91JA034350","1.0",1,"2026-06-07 11:00:19.489305"
"1C4RJGBG9SC363955","1HGCV2F9XJA005610","0.8574628516383833",25,"2026-06-07 11:00:19.489305"
"1C4RJGBG9SC363955","1N4BL4DV8SN306257","0.5870752095838597",28,"2026-06-07 11:00:19.489305"
"1C4RJGBG9SC363955","2C3CDYCJ1DH668223","1.0",5,"2026-06-07 11:00:19.489305"
"1C4RJGBG9SC363955","2C3CDZAG2NH128233","1.0",18,"2026-06-07 11:00:19.489305"
"1C4RJGBG9SC363955","2C3CDZBT9NH156493","1.0",11,"2026-06-07 11:00:19.489305"
"1C4RJGBG9SC363955","2C3CDZFJ0NH260606","1.0",19,"2026-06-07 11:00:19.489305"
"1C4RJGBG9SC363955","2C3CDZFJ2NH204165","1.0",10,"2026-06-07 11:00:19.489305"
"1C4RJGBG9SC363955","2C3CDZFJ7LH104141","1.0",7,"2026-06-07 11:00:19.489305"
"1C4RJGBG9SC363955","2C3CDZJG3LH135107","1.0",12,"2026-06-07 11:00:19.489305"
"1C4RJGBG9SC363955","2C3CDZKG5NH160897","1.0",9,"2026-06-07 11:00:19.489305"
"1C4RJGBG9SC363955","2C3CDZKG9NH160711","1.0",8,"2026-06-07 11:00:19.489305"
"1C4RJGBG9SC363955","3C63R5DL5SG528420","1.0",2,"2026-06-07 11:00:19.489305"
"1C4RJGBG9SC363955","5FNYF6H06NB078087","0.7857568672881018",26,"2026-06-07 11:00:19.489305"
"1C4RJGBG9SC363955","7MMVAAEW9SN141337","1.0",20,"2026-06-07 11:00:19.489305"
"1C4RJGBG9SC363955","7SVAAABA3RX027653","1.0",23,"2026-06-07 11:00:19.489305"
"1C4RJGBG9SC363955","WDC0G4JB2JV036256","1.0",3,"2026-06-07 11:00:19.489305"
"1C4RJXP64SW601144","1C4RJXR65SW512437","0.7777205831339993",11,"2026-06-07 11:00:19.489305"
"1C4RJXP64SW601144","1C6SRFJT3MN776133","0.7239980892884361",12,"2026-06-07 11:00:19.489305"
"1C4RJXP64SW601144","1G1YW3DW2B5109821","0.5829205565800616",14,"2026-06-07 11:00:19.489305"
"1C4RJXP64SW601144","1N4BL4DV8SN306257","0.8095323948379504",10,"2026-06-07 11:00:19.489305"
"1C4RJXP64SW601144","5FNYF6H06NB078087","0.6185354844385149",13,"2026-06-07 11:00:19.489305"
"1C4RJXP64SW601144","5LM5J7XC7SGL07549","1.0",1,"2026-06-07 11:00:19.489305"
"1C4RJXP64SW601144","5LMJJ2LT4MEL05490","1.0",9,"2026-06-07 11:00:19.489305"
"1C4RJXP64SW601144","5UX23EU00T9082219","1.0",4,"2026-06-07 11:00:19.489305"
"1C4RJXP64SW601144","5UX23EU02T9178952","1.0",7,"2026-06-07 11:00:19.489305"
"1C4RJXP64SW601144","5UX23EU04T9126142","1.0",2,"2026-06-07 11:00:19.489305"
"1C4RJXP64SW601144","5UX83DP08P9S45561","1.0",6,"2026-06-07 11:00:19.489305"
"1C4RJXP64SW601144","JM3KFBCM4S0560583","1.0",5,"2026-06-07 11:00:19.489305"
"1C4RJXP64SW601144","JN8AZ2AEXR9328894","1.0",3,"2026-06-07 11:00:19.489305"
"1C4RJXP64SW601144","ZN661YUM2PX408096","1.0",8,"2026-06-07 11:00:19.489305"
"1C4RJXR65SW512437","1C4RJGBG9SC363955","0.49348727271304055",23,"2026-06-07 11:00:19.489305"
"1C4RJXR65SW512437","1C4RJXP64SW601144","0.7777205831339993",12,"2026-06-07 11:00:19.489305"
"1C4RJXR65SW512437","1C6RREBG2MN711445","0.49348727271304055",18,"2026-06-07 11:00:19.489305"
"1C4RJXR65SW512437","1C6SRFBT6MN796293","0.49348727271304055",16,"2026-06-07 11:00:19.489305"
"1C4RJXR65SW512437","1C6SRFFT3MN695030","0.49348727271304055",36,"2026-06-07 11:00:19.489305"
"1C4RJXR65SW512437","1C6SRFFT4MN696283","0.4284378907070753",39,"2026-06-07 11:00:19.489305"
"1C4RJXR65SW512437","1C6SRFFT6MN650230","0.49348727271304055",34,"2026-06-07 11:00:19.489305"
"1C4RJXR65SW512437","1C6SRFJT3MN776133","0.9034767122569491",2,"2026-06-07 11:00:19.489305"
"1C4RJXR65SW512437","1C6SRFLT8MN535682","0.49348727271304055",33,"2026-06-07 11:00:19.489305"
"1C4RJXR65SW512437","1C6SRFU91MN903641","0.49348727271304055",35,"2026-06-07 11:00:19.489305"
"1C4RJXR65SW512437","1C6SRFU99MN684833","0.49348727271304055",15,"2026-06-07 11:00:19.489305"
"1C4RJXR65SW512437","1G1YW3DW2B5109821","0.583368381111932",14,"2026-06-07 11:00:19.489305"
"1C4RJXR65SW512437","1HGCV1F3XJA000638","0.49348727271304055",21,"2026-06-07 11:00:19.489305"
"1C4RJXR65SW512437","1HGCV2F53JA026652","0.49348727271304055",19,"2026-06-07 11:00:19.489305"
"1C4RJXR65SW512437","1HGCV2F91JA034350","0.49348727271304055",20,"2026-06-07 11:00:19.489305"
"1C4RJXR65SW512437","1HGCV2F9XJA005610","0.4231470041077723",40,"2026-06-07 11:00:19.489305"
"1C4RJXR65SW512437","1N4BL4DV8SN306257","0.9193041502342093",1,"2026-06-07 11:00:19.489305"
"1C4RJXR65SW512437","2C3CDYCJ1DH668223","0.49348727271304055",26,"2026-06-07 11:00:19.489305"
"1C4RJXR65SW512437","2C3CDZAG2NH128233","0.49348727271304055",31,"2026-06-07 11:00:19.489305"
"1C4RJXR65SW512437","2C3CDZBT9NH156493","0.49348727271304055",28,"2026-06-07 11:00:19.489305"
"1C4RJXR65SW512437","2C3CDZFJ0NH260606","0.49348727271304055",30,"2026-06-07 11:00:19.489305"
"1C4RJXR65SW512437","2C3CDZFJ2NH204165","0.49348727271304055",38,"2026-06-07 11:00:19.489305"
"1C4RJXR65SW512437","2C3CDZFJ7LH104141","0.49348727271304055",25,"2026-06-07 11:00:19.489305"
"1C4RJXR65SW512437","2C3CDZJG3LH135107","0.49348727271304055",27,"2026-06-07 11:00:19.489305"
"1C4RJXR65SW512437","2C3CDZKG5NH160897","0.49348727271304055",29,"2026-06-07 11:00:19.489305"
"1C4RJXR65SW512437","2C3CDZKG9NH160711","0.49348727271304055",32,"2026-06-07 11:00:19.489305"
"1C4RJXR65SW512437","3C63R5DL5SG528420","0.49348727271304055",24,"2026-06-07 11:00:19.489305"
"1C4RJXR65SW512437","5FNYF6H06NB078087","0.8688087911001405",3,"2026-06-07 11:00:19.489305"
"1C4RJXR65SW512437","5LM5J7XC7SGL07549","0.7777205831339993",4,"2026-06-07 11:00:19.489305"
"1C4RJXR65SW512437","5LMJJ2LT4MEL05490","0.7777205831339993",8,"2026-06-07 11:00:19.489305"
"1C4RJXR65SW512437","5UX23EU00T9082219","0.7777205831339993",7,"2026-06-07 11:00:19.489305"
"1C4RJXR65SW512437","5UX23EU02T9178952","0.7777205831339993",11,"2026-06-07 11:00:19.489305"
"1C4RJXR65SW512437","5UX23EU04T9126142","0.7777205831339993",10,"2026-06-07 11:00:19.489305"
"1C4RJXR65SW512437","5UX83DP08P9S45561","0.7777205831339993",6,"2026-06-07 11:00:19.489305"
"1C4RJXR65SW512437","7MMVAAEW9SN141337","0.49348727271304055",17,"2026-06-07 11:00:19.489305"
"1C4RJXR65SW512437","7SVAAABA3RX027653","0.49348727271304055",37,"2026-06-07 11:00:19.489305"
"1C4RJXR65SW512437","JM3KFBCM4S0560583","0.7777205831339993",13,"2026-06-07 11:00:19.489305"
"1C4RJXR65SW512437","JN8AZ2AEXR9328894","0.7777205831339993",5,"2026-06-07 11:00:19.489305"
"1C4RJXR65SW512437","WDC0G4JB2JV036256","0.49348727271304055",22,"2026-06-07 11:00:19.489305"
"1C4RJXR65SW512437","ZN661YUM2PX408096","0.7777205831339993",9,"2026-06-07 11:00:19.489305"
"1C6RREBG2MN711445","1C4RJGBG9SC363955","1.0",2,"2026-06-07 11:00:19.489305"
"1C6RREBG2MN711445","1C4RJXR65SW512437","0.49348727271304055",29,"2026-06-07 11:00:19.489305"
"1C6RREBG2MN711445","1C6SRFBT6MN796293","1.0",21,"2026-06-07 11:00:19.489305"
"1C6RREBG2MN711445","1C6SRFFT3MN695030","1.0",13,"2026-06-07 11:00:19.489305"
"1C6RREBG2MN711445","1C6SRFFT4MN696283","0.8681842762664499",24,"2026-06-07 11:00:19.489305"
"1C6RREBG2MN711445","1C6SRFFT6MN650230","1.0",15,"2026-06-07 11:00:19.489305"
"1C6RREBG2MN711445","1C6SRFJT3MN776133","0.6898019764444676",27,"2026-06-07 11:00:19.489305"
"1C6RREBG2MN711445","1C6SRFLT8MN535682","1.0",16,"2026-06-07 11:00:19.489305"
"1C6RREBG2MN711445","1C6SRFU91MN903641","1.0",14,"2026-06-07 11:00:19.489305"
"1C6RREBG2MN711445","1C6SRFU99MN684833","1.0",22,"2026-06-07 11:00:19.489305"
"1C6RREBG2MN711445","1HGCV1F3XJA000638","1.0",4,"2026-06-07 11:00:19.489305"
"1C6RREBG2MN711445","1HGCV2F53JA026652","1.0",6,"2026-06-07 11:00:19.489305"
"1C6RREBG2MN711445","1HGCV2F91JA034350","1.0",5,"2026-06-07 11:00:19.489305"
"1C6RREBG2MN711445","1HGCV2F9XJA005610","0.8574628516383833",25,"2026-06-07 11:00:19.489305"
"1C6RREBG2MN711445","1N4BL4DV8SN306257","0.5870752095838597",28,"2026-06-07 11:00:19.489305"
"1C6RREBG2MN711445","2C3CDYCJ1DH668223","1.0",7,"2026-06-07 11:00:19.489305"
"1C6RREBG2MN711445","2C3CDZAG2NH128233","1.0",18,"2026-06-07 11:00:19.489305"
"1C6RREBG2MN711445","2C3CDZBT9NH156493","1.0",11,"2026-06-07 11:00:19.489305"
"1C6RREBG2MN711445","2C3CDZFJ0NH260606","1.0",19,"2026-06-07 11:00:19.489305"
"1C6RREBG2MN711445","2C3CDZFJ2NH204165","1.0",10,"2026-06-07 11:00:19.489305"
"1C6RREBG2MN711445","2C3CDZFJ7LH104141","1.0",8,"2026-06-07 11:00:19.489305"
"1C6RREBG2MN711445","2C3CDZJG3LH135107","1.0",12,"2026-06-07 11:00:19.489305"
"1C6RREBG2MN711445","2C3CDZKG5NH160897","1.0",9,"2026-06-07 11:00:19.489305"
"1C6RREBG2MN711445","2C3CDZKG9NH160711","1.0",17,"2026-06-07 11:00:19.489305"
"1C6RREBG2MN711445","3C63R5DL5SG528420","1.0",1,"2026-06-07 11:00:19.489305"
"1C6RREBG2MN711445","5FNYF6H06NB078087","0.7857568672881018",26,"2026-06-07 11:00:19.489305"
"1C6RREBG2MN711445","7MMVAAEW9SN141337","1.0",20,"2026-06-07 11:00:19.489305"
"1C6RREBG2MN711445","7SVAAABA3RX027653","1.0",23,"2026-06-07 11:00:19.489305"
"1C6RREBG2MN711445","WDC0G4JB2JV036256","1.0",3,"2026-06-07 11:00:19.489305"
"1C6RRFFG0MN612090","1C6SRFFT4MN696283","0.49624193942441097",5,"2026-06-07 11:00:19.489305"
"1C6RRFFG0MN612090","1G1YW3DW2B5109821","0.7407488103679852",3,"2026-06-07 11:00:19.489305"
"1C6RRFFG0MN612090","1HGCV2F9XJA005610","0.5145458755642413",4,"2026-06-07 11:00:19.489305"
"1C6RRFFG0MN612090","5J6RS3H4XRL000734","1.0",1,"2026-06-07 11:00:19.489305"
"1C6RRFFG0MN612090","ZFF98RNA5R0302338","1.0",2,"2026-06-07 11:00:19.489305"
"1C6SRFBT6MN796293","1C4RJGBG9SC363955","1.0",2,"2026-06-07 11:00:19.489305"
"1C6SRFBT6MN796293","1C4RJXR65SW512437","0.49348727271304055",29,"2026-06-07 11:00:19.489305"
"1C6SRFBT6MN796293","1C6RREBG2MN711445","1.0",22,"2026-06-07 11:00:19.489305"
"1C6SRFBT6MN796293","1C6SRFFT3MN695030","1.0",13,"2026-06-07 11:00:19.489305"
"1C6SRFBT6MN796293","1C6SRFFT4MN696283","0.8681842762664499",24,"2026-06-07 11:00:19.489305"
"1C6SRFBT6MN796293","1C6SRFFT6MN650230","1.0",15,"2026-06-07 11:00:19.489305"
"1C6SRFBT6MN796293","1C6SRFJT3MN776133","0.6898019764444676",27,"2026-06-07 11:00:19.489305"
"1C6SRFBT6MN796293","1C6SRFLT8MN535682","1.0",16,"2026-06-07 11:00:19.489305"
"1C6SRFBT6MN796293","1C6SRFU91MN903641","1.0",14,"2026-06-07 11:00:19.489305"
"1C6SRFBT6MN796293","1C6SRFU99MN684833","1.0",21,"2026-06-07 11:00:19.489305"
"1C6SRFBT6MN796293","1HGCV1F3XJA000638","1.0",4,"2026-06-07 11:00:19.489305"
"1C6SRFBT6MN796293","1HGCV2F53JA026652","1.0",6,"2026-06-07 11:00:19.489305"
"1C6SRFBT6MN796293","1HGCV2F91JA034350","1.0",5,"2026-06-07 11:00:19.489305"
"1C6SRFBT6MN796293","1HGCV2F9XJA005610","0.8574628516383833",25,"2026-06-07 11:00:19.489305"
"1C6SRFBT6MN796293","1N4BL4DV8SN306257","0.5870752095838597",28,"2026-06-07 11:00:19.489305"
"1C6SRFBT6MN796293","2C3CDYCJ1DH668223","1.0",7,"2026-06-07 11:00:19.489305"
"1C6SRFBT6MN796293","2C3CDZAG2NH128233","1.0",18,"2026-06-07 11:00:19.489305"
"1C6SRFBT6MN796293","2C3CDZBT9NH156493","1.0",11,"2026-06-07 11:00:19.489305"
"1C6SRFBT6MN796293","2C3CDZFJ0NH260606","1.0",19,"2026-06-07 11:00:19.489305"
"1C6SRFBT6MN796293","2C3CDZFJ2NH204165","1.0",10,"2026-06-07 11:00:19.489305"
"1C6SRFBT6MN796293","2C3CDZFJ7LH104141","1.0",8,"2026-06-07 11:00:19.489305"
"1C6SRFBT6MN796293","2C3CDZJG3LH135107","1.0",12,"2026-06-07 11:00:19.489305"
"1C6SRFBT6MN796293","2C3CDZKG5NH160897","1.0",9,"2026-06-07 11:00:19.489305"
"1C6SRFBT6MN796293","2C3CDZKG9NH160711","1.0",17,"2026-06-07 11:00:19.489305"
"1C6SRFBT6MN796293","3C63R5DL5SG528420","1.0",1,"2026-06-07 11:00:19.489305"
"1C6SRFBT6MN796293","5FNYF6H06NB078087","0.7857568672881018",26,"2026-06-07 11:00:19.489305"
"1C6SRFBT6MN796293","7MMVAAEW9SN141337","1.0",20,"2026-06-07 11:00:19.489305"
"1C6SRFBT6MN796293","7SVAAABA3RX027653","1.0",23,"2026-06-07 11:00:19.489305"
"1C6SRFBT6MN796293","WDC0G4JB2JV036256","1.0",3,"2026-06-07 11:00:19.489305"
"1C6SRFFT3MN695030","1C4RJGBG9SC363955","1.0",2,"2026-06-07 11:00:19.489305"
"1C6SRFFT3MN695030","1C4RJXR65SW512437","0.49348727271304055",29,"2026-06-07 11:00:19.489305"
"1C6SRFFT3MN695030","1C6RREBG2MN711445","1.0",21,"2026-06-07 11:00:19.489305"
"1C6SRFFT3MN695030","1C6SRFBT6MN796293","1.0",16,"2026-06-07 11:00:19.489305"
"1C6SRFFT3MN695030","1C6SRFFT4MN696283","0.8681842762664499",24,"2026-06-07 11:00:19.489305"
"1C6SRFFT3MN695030","1C6SRFFT6MN650230","1.0",14,"2026-06-07 11:00:19.489305"
"1C6SRFFT3MN695030","1C6SRFJT3MN776133","0.6898019764444676",27,"2026-06-07 11:00:19.489305"
"1C6SRFFT3MN695030","1C6SRFLT8MN535682","1.0",15,"2026-06-07 11:00:19.489305"
"1C6SRFFT3MN695030","1C6SRFU91MN903641","1.0",13,"2026-06-07 11:00:19.489305"
"1C6SRFFT3MN695030","1C6SRFU99MN684833","1.0",22,"2026-06-07 11:00:19.489305"
"1C6SRFFT3MN695030","1HGCV1F3XJA000638","1.0",4,"2026-06-07 11:00:19.489305"
"1C6SRFFT3MN695030","1HGCV2F53JA026652","1.0",6,"2026-06-07 11:00:19.489305"
"1C6SRFFT3MN695030","1HGCV2F91JA034350","1.0",5,"2026-06-07 11:00:19.489305"
"1C6SRFFT3MN695030","1HGCV2F9XJA005610","0.8574628516383833",25,"2026-06-07 11:00:19.489305"
"1C6SRFFT3MN695030","1N4BL4DV8SN306257","0.5870752095838597",28,"2026-06-07 11:00:19.489305"
"1C6SRFFT3MN695030","2C3CDYCJ1DH668223","1.0",7,"2026-06-07 11:00:19.489305"
"1C6SRFFT3MN695030","2C3CDZAG2NH128233","1.0",18,"2026-06-07 11:00:19.489305"
"1C6SRFFT3MN695030","2C3CDZBT9NH156493","1.0",11,"2026-06-07 11:00:19.489305"
"1C6SRFFT3MN695030","2C3CDZFJ0NH260606","1.0",19,"2026-06-07 11:00:19.489305"
"1C6SRFFT3MN695030","2C3CDZFJ2NH204165","1.0",10,"2026-06-07 11:00:19.489305"
"1C6SRFFT3MN695030","2C3CDZFJ7LH104141","1.0",8,"2026-06-07 11:00:19.489305"
"1C6SRFFT3MN695030","2C3CDZJG3LH135107","1.0",12,"2026-06-07 11:00:19.489305"
"1C6SRFFT3MN695030","2C3CDZKG5NH160897","1.0",9,"2026-06-07 11:00:19.489305"
"1C6SRFFT3MN695030","2C3CDZKG9NH160711","1.0",17,"2026-06-07 11:00:19.489305"
"1C6SRFFT3MN695030","3C63R5DL5SG528420","1.0",1,"2026-06-07 11:00:19.489305"
"1C6SRFFT3MN695030","5FNYF6H06NB078087","0.7857568672881018",26,"2026-06-07 11:00:19.489305"
"1C6SRFFT3MN695030","7MMVAAEW9SN141337","1.0",20,"2026-06-07 11:00:19.489305"
"1C6SRFFT3MN695030","7SVAAABA3RX027653","1.0",23,"2026-06-07 11:00:19.489305"
"1C6SRFFT3MN695030","WDC0G4JB2JV036256","1.0",3,"2026-06-07 11:00:19.489305"
"1C6SRFFT4MN696283","1C4RJGBG9SC363955","0.8681842762664499",2,"2026-06-07 11:00:19.489305"
"1C6SRFFT4MN696283","1C4RJXR65SW512437","0.4284378907070753",32,"2026-06-07 11:00:19.489305"
"1C6SRFFT4MN696283","1C6RREBG2MN711445","0.8681842762664499",23,"2026-06-07 11:00:19.489305"
"1C6SRFFT4MN696283","1C6RRFFG0MN612090","0.49624193942441097",31,"2026-06-07 11:00:19.489305"
"1C6SRFFT4MN696283","1C6SRFBT6MN796293","0.8681842762664499",21,"2026-06-07 11:00:19.489305"
"1C6SRFFT4MN696283","1C6SRFFT3MN695030","0.8681842762664499",13,"2026-06-07 11:00:19.489305"
"1C6SRFFT4MN696283","1C6SRFFT6MN650230","0.8681842762664499",15,"2026-06-07 11:00:19.489305"
"1C6SRFFT4MN696283","1C6SRFJT3MN776133","0.5988752296866068",27,"2026-06-07 11:00:19.489305"
"1C6SRFFT4MN696283","1C6SRFLT8MN535682","0.8681842762664499",24,"2026-06-07 11:00:19.489305"
"1C6SRFFT4MN696283","1C6SRFU91MN903641","0.8681842762664499",14,"2026-06-07 11:00:19.489305"
"1C6SRFFT4MN696283","1C6SRFU99MN684833","0.8681842762664499",22,"2026-06-07 11:00:19.489305"
"1C6SRFFT4MN696283","1G1YW3DW2B5109821","0.3675906262833342",33,"2026-06-07 11:00:19.489305"
"1C6SRFFT4MN696283","1HGCV1F3XJA000638","0.8681842762664499",4,"2026-06-07 11:00:19.489305"
"1C6SRFFT4MN696283","1HGCV2F53JA026652","0.8681842762664499",6,"2026-06-07 11:00:19.489305"
"1C6SRFFT4MN696283","1HGCV2F91JA034350","0.8681842762664499",5,"2026-06-07 11:00:19.489305"
"1C6SRFFT4MN696283","1HGCV2F9XJA005610","0.9997750084878667",1,"2026-06-07 11:00:19.489305"
"1C6SRFFT4MN696283","1N4BL4DV8SN306257","0.5096894659465376",28,"2026-06-07 11:00:19.489305"
"1C6SRFFT4MN696283","2C3CDYCJ1DH668223","0.8681842762664499",7,"2026-06-07 11:00:19.489305"
"1C6SRFFT4MN696283","2C3CDZAG2NH128233","0.8681842762664499",18,"2026-06-07 11:00:19.489305"
"1C6SRFFT4MN696283","2C3CDZBT9NH156493","0.8681842762664499",11,"2026-06-07 11:00:19.489305"
"1C6SRFFT4MN696283","2C3CDZFJ0NH260606","0.8681842762664499",19,"2026-06-07 11:00:19.489305"
"1C6SRFFT4MN696283","2C3CDZFJ2NH204165","0.8681842762664499",10,"2026-06-07 11:00:19.489305"
"1C6SRFFT4MN696283","2C3CDZFJ7LH104141","0.8681842762664499",9,"2026-06-07 11:00:19.489305"
"1C6SRFFT4MN696283","2C3CDZJG3LH135107","0.8681842762664499",12,"2026-06-07 11:00:19.489305"
"1C6SRFFT4MN696283","2C3CDZKG5NH160897","0.8681842762664499",16,"2026-06-07 11:00:19.489305"
"1C6SRFFT4MN696283","2C3CDZKG9NH160711","0.8681842762664499",17,"2026-06-07 11:00:19.489305"
"1C6SRFFT4MN696283","3C63R5DL5SG528420","0.8681842762664499",8,"2026-06-07 11:00:19.489305"
"1C6SRFFT4MN696283","5FNYF6H06NB078087","0.6821817571479136",26,"2026-06-07 11:00:19.489305"
"1C6SRFFT4MN696283","5J6RS3H4XRL000734","0.49624193942441097",30,"2026-06-07 11:00:19.489305"
"1C6SRFFT4MN696283","7MMVAAEW9SN141337","0.8681842762664499",20,"2026-06-07 11:00:19.489305"
"1C6SRFFT4MN696283","7SVAAABA3RX027653","0.8681842762664499",25,"2026-06-07 11:00:19.489305"
"1C6SRFFT4MN696283","WDC0G4JB2JV036256","0.8681842762664499",3,"2026-06-07 11:00:19.489305"
"1C6SRFFT4MN696283","ZFF98RNA5R0302338","0.49624193942441097",29,"2026-06-07 11:00:19.489305"
"1C6SRFFT6MN650230","1C4RJGBG9SC363955","1.0",2,"2026-06-07 11:00:19.489305"
"1C6SRFFT6MN650230","1C4RJXR65SW512437","0.49348727271304055",29,"2026-06-07 11:00:19.489305"
"1C6SRFFT6MN650230","1C6RREBG2MN711445","1.0",21,"2026-06-07 11:00:19.489305"
"1C6SRFFT6MN650230","1C6SRFBT6MN796293","1.0",16,"2026-06-07 11:00:19.489305"
"1C6SRFFT6MN650230","1C6SRFFT3MN695030","1.0",13,"2026-06-07 11:00:19.489305"
"1C6SRFFT6MN650230","1C6SRFFT4MN696283","0.8681842762664499",24,"2026-06-07 11:00:19.489305"
"1C6SRFFT6MN650230","1C6SRFJT3MN776133","0.6898019764444676",27,"2026-06-07 11:00:19.489305"
"1C6SRFFT6MN650230","1C6SRFLT8MN535682","1.0",15,"2026-06-07 11:00:19.489305"
"1C6SRFFT6MN650230","1C6SRFU91MN903641","1.0",14,"2026-06-07 11:00:19.489305"
"1C6SRFFT6MN650230","1C6SRFU99MN684833","1.0",22,"2026-06-07 11:00:19.489305"
"1C6SRFFT6MN650230","1HGCV1F3XJA000638","1.0",4,"2026-06-07 11:00:19.489305"
"1C6SRFFT6MN650230","1HGCV2F53JA026652","1.0",6,"2026-06-07 11:00:19.489305"
"1C6SRFFT6MN650230","1HGCV2F91JA034350","1.0",5,"2026-06-07 11:00:19.489305"
"1C6SRFFT6MN650230","1HGCV2F9XJA005610","0.8574628516383833",25,"2026-06-07 11:00:19.489305"
"1C6SRFFT6MN650230","1N4BL4DV8SN306257","0.5870752095838597",28,"2026-06-07 11:00:19.489305"
"1C6SRFFT6MN650230","2C3CDYCJ1DH668223","1.0",7,"2026-06-07 11:00:19.489305"
"1C6SRFFT6MN650230","2C3CDZAG2NH128233","1.0",18,"2026-06-07 11:00:19.489305"
"1C6SRFFT6MN650230","2C3CDZBT9NH156493","1.0",11,"2026-06-07 11:00:19.489305"
"1C6SRFFT6MN650230","2C3CDZFJ0NH260606","1.0",19,"2026-06-07 11:00:19.489305"
"1C6SRFFT6MN650230","2C3CDZFJ2NH204165","1.0",10,"2026-06-07 11:00:19.489305"
"1C6SRFFT6MN650230","2C3CDZFJ7LH104141","1.0",8,"2026-06-07 11:00:19.489305"
"1C6SRFFT6MN650230","2C3CDZJG3LH135107","1.0",12,"2026-06-07 11:00:19.489305"
"1C6SRFFT6MN650230","2C3CDZKG5NH160897","1.0",9,"2026-06-07 11:00:19.489305"
"1C6SRFFT6MN650230","2C3CDZKG9NH160711","1.0",17,"2026-06-07 11:00:19.489305"
"1C6SRFFT6MN650230","3C63R5DL5SG528420","1.0",1,"2026-06-07 11:00:19.489305"
"1C6SRFFT6MN650230","5FNYF6H06NB078087","0.7857568672881018",26,"2026-06-07 11:00:19.489305"
"1C6SRFFT6MN650230","7MMVAAEW9SN141337","1.0",20,"2026-06-07 11:00:19.489305"
"1C6SRFFT6MN650230","7SVAAABA3RX027653","1.0",23,"2026-06-07 11:00:19.489305"
"1C6SRFFT6MN650230","WDC0G4JB2JV036256","1.0",3,"2026-06-07 11:00:19.489305"
"1C6SRFJT3MN776133","1C4RJGBG9SC363955","0.6898019764444676",23,"2026-06-07 11:00:19.489305"
"1C6SRFJT3MN776133","1C4RJXP64SW601144","0.7239980892884361",12,"2026-06-07 11:00:19.489305"
"1C6SRFJT3MN776133","1C4RJXR65SW512437","0.9034767122569491",3,"2026-06-07 11:00:19.489305"
"1C6SRFJT3MN776133","1C6RREBG2MN711445","0.6898019764444676",14,"2026-06-07 11:00:19.489305"
"1C6SRFJT3MN776133","1C6SRFBT6MN796293","0.6898019764444676",16,"2026-06-07 11:00:19.489305"
"1C6SRFJT3MN776133","1C6SRFFT3MN695030","0.6898019764444676",36,"2026-06-07 11:00:19.489305"
"1C6SRFJT3MN776133","1C6SRFFT4MN696283","0.5988752296866068",38,"2026-06-07 11:00:19.489305"
"1C6SRFJT3MN776133","1C6SRFFT6MN650230","0.6898019764444676",34,"2026-06-07 11:00:19.489305"
"1C6SRFJT3MN776133","1C6SRFLT8MN535682","0.6898019764444676",33,"2026-06-07 11:00:19.489305"
"1C6SRFJT3MN776133","1C6SRFU91MN903641","0.6898019764444676",35,"2026-06-07 11:00:19.489305"
"1C6SRFJT3MN776133","1C6SRFU99MN684833","0.6898019764444676",15,"2026-06-07 11:00:19.489305"
"1C6SRFJT3MN776133","1G1YW3DW2B5109821","0.42203336917091633",40,"2026-06-07 11:00:19.489305"
"1C6SRFJT3MN776133","1HGCV1F3XJA000638","0.6898019764444676",21,"2026-06-07 11:00:19.489305"
"1C6SRFJT3MN776133","1HGCV2F53JA026652","0.6898019764444676",19,"2026-06-07 11:00:19.489305"
"1C6SRFJT3MN776133","1HGCV2F91JA034350","0.6898019764444676",20,"2026-06-07 11:00:19.489305"
"1C6SRFJT3MN776133","1HGCV2F9XJA005610","0.5914795697878661",39,"2026-06-07 11:00:19.489305"
"1C6SRFJT3MN776133","1N4BL4DV8SN306257","0.9910655469722645",1,"2026-06-07 11:00:19.489305"
"1C6SRFJT3MN776133","2C3CDYCJ1DH668223","0.6898019764444676",18,"2026-06-07 11:00:19.489305"
"1C6SRFJT3MN776133","2C3CDZAG2NH128233","0.6898019764444676",31,"2026-06-07 11:00:19.489305"
"1C6SRFJT3MN776133","2C3CDZBT9NH156493","0.6898019764444676",28,"2026-06-07 11:00:19.489305"
"1C6SRFJT3MN776133","2C3CDZFJ0NH260606","0.6898019764444676",30,"2026-06-07 11:00:19.489305"
"1C6SRFJT3MN776133","2C3CDZFJ2NH204165","0.6898019764444676",27,"2026-06-07 11:00:19.489305"
"1C6SRFJT3MN776133","2C3CDZFJ7LH104141","0.6898019764444676",25,"2026-06-07 11:00:19.489305"
"1C6SRFJT3MN776133","2C3CDZJG3LH135107","0.6898019764444676",26,"2026-06-07 11:00:19.489305"
"1C6SRFJT3MN776133","2C3CDZKG5NH160897","0.6898019764444676",29,"2026-06-07 11:00:19.489305"
"1C6SRFJT3MN776133","2C3CDZKG9NH160711","0.6898019764444676",32,"2026-06-07 11:00:19.489305"
"1C6SRFJT3MN776133","3C63R5DL5SG528420","0.6898019764444676",24,"2026-06-07 11:00:19.489305"
"1C6SRFJT3MN776133","5FNYF6H06NB078087","0.9898351489507278",2,"2026-06-07 11:00:19.489305"
"1C6SRFJT3MN776133","5LM5J7XC7SGL07549","0.7239980892884361",4,"2026-06-07 11:00:19.489305"
"1C6SRFJT3MN776133","5LMJJ2LT4MEL05490","0.7239980892884361",8,"2026-06-07 11:00:19.489305"
"1C6SRFJT3MN776133","5UX23EU00T9082219","0.7239980892884361",7,"2026-06-07 11:00:19.489305"
"1C6SRFJT3MN776133","5UX23EU02T9178952","0.7239980892884361",11,"2026-06-07 11:00:19.489305"
"1C6SRFJT3MN776133","5UX23EU04T9126142","0.7239980892884361",10,"2026-06-07 11:00:19.489305"
"1C6SRFJT3MN776133","5UX83DP08P9S45561","0.7239980892884361",6,"2026-06-07 11:00:19.489305"
"1C6SRFJT3MN776133","7MMVAAEW9SN141337","0.6898019764444676",17,"2026-06-07 11:00:19.489305"
"1C6SRFJT3MN776133","7SVAAABA3RX027653","0.6898019764444676",37,"2026-06-07 11:00:19.489305"
"1C6SRFJT3MN776133","JM3KFBCM4S0560583","0.7239980892884361",13,"2026-06-07 11:00:19.489305"
"1C6SRFJT3MN776133","JN8AZ2AEXR9328894","0.7239980892884361",5,"2026-06-07 11:00:19.489305"
"1C6SRFJT3MN776133","WDC0G4JB2JV036256","0.6898019764444676",22,"2026-06-07 11:00:19.489305"
"1C6SRFJT3MN776133","ZN661YUM2PX408096","0.7239980892884361",9,"2026-06-07 11:00:19.489305"
"1C6SRFLT8MN535682","1C4RJGBG9SC363955","1.0",2,"2026-06-07 11:00:19.489305"
"1C6SRFLT8MN535682","1C4RJXR65SW512437","0.49348727271304055",29,"2026-06-07 11:00:19.489305"
"1C6SRFLT8MN535682","1C6RREBG2MN711445","1.0",21,"2026-06-07 11:00:19.489305"
"1C6SRFLT8MN535682","1C6SRFBT6MN796293","1.0",16,"2026-06-07 11:00:19.489305"
"1C6SRFLT8MN535682","1C6SRFFT3MN695030","1.0",13,"2026-06-07 11:00:19.489305"
"1C6SRFLT8MN535682","1C6SRFFT4MN696283","0.8681842762664499",24,"2026-06-07 11:00:19.489305"
"1C6SRFLT8MN535682","1C6SRFFT6MN650230","1.0",15,"2026-06-07 11:00:19.489305"
"1C6SRFLT8MN535682","1C6SRFJT3MN776133","0.6898019764444676",27,"2026-06-07 11:00:19.489305"
"1C6SRFLT8MN535682","1C6SRFU91MN903641","1.0",14,"2026-06-07 11:00:19.489305"
"1C6SRFLT8MN535682","1C6SRFU99MN684833","1.0",22,"2026-06-07 11:00:19.489305"
"1C6SRFLT8MN535682","1HGCV1F3XJA000638","1.0",4,"2026-06-07 11:00:19.489305"
"1C6SRFLT8MN535682","1HGCV2F53JA026652","1.0",6,"2026-06-07 11:00:19.489305"
"1C6SRFLT8MN535682","1HGCV2F91JA034350","1.0",5,"2026-06-07 11:00:19.489305"
"1C6SRFLT8MN535682","1HGCV2F9XJA005610","0.8574628516383833",25,"2026-06-07 11:00:19.489305"
"1C6SRFLT8MN535682","1N4BL4DV8SN306257","0.5870752095838597",28,"2026-06-07 11:00:19.489305"
"1C6SRFLT8MN535682","2C3CDYCJ1DH668223","1.0",7,"2026-06-07 11:00:19.489305"
"1C6SRFLT8MN535682","2C3CDZAG2NH128233","1.0",18,"2026-06-07 11:00:19.489305"
"1C6SRFLT8MN535682","2C3CDZBT9NH156493","1.0",11,"2026-06-07 11:00:19.489305"
"1C6SRFLT8MN535682","2C3CDZFJ0NH260606","1.0",19,"2026-06-07 11:00:19.489305"
"1C6SRFLT8MN535682","2C3CDZFJ2NH204165","1.0",10,"2026-06-07 11:00:19.489305"
"1C6SRFLT8MN535682","2C3CDZFJ7LH104141","1.0",8,"2026-06-07 11:00:19.489305"
"1C6SRFLT8MN535682","2C3CDZJG3LH135107","1.0",12,"2026-06-07 11:00:19.489305"
"1C6SRFLT8MN535682","2C3CDZKG5NH160897","1.0",9,"2026-06-07 11:00:19.489305"
"1C6SRFLT8MN535682","2C3CDZKG9NH160711","1.0",17,"2026-06-07 11:00:19.489305"
"1C6SRFLT8MN535682","3C63R5DL5SG528420","1.0",1,"2026-06-07 11:00:19.489305"
"1C6SRFLT8MN535682","5FNYF6H06NB078087","0.7857568672881018",26,"2026-06-07 11:00:19.489305"
"1C6SRFLT8MN535682","7MMVAAEW9SN141337","1.0",20,"2026-06-07 11:00:19.489305"
"1C6SRFLT8MN535682","7SVAAABA3RX027653","1.0",23,"2026-06-07 11:00:19.489305"
"1C6SRFLT8MN535682","WDC0G4JB2JV036256","1.0",3,"2026-06-07 11:00:19.489305"
"1C6SRFU91MN903641","1C4RJGBG9SC363955","1.0",2,"2026-06-07 11:00:19.489305"
"1C6SRFU91MN903641","1C4RJXR65SW512437","0.49348727271304055",29,"2026-06-07 11:00:19.489305"
"1C6SRFU91MN903641","1C6RREBG2MN711445","1.0",21,"2026-06-07 11:00:19.489305"
"1C6SRFU91MN903641","1C6SRFBT6MN796293","1.0",16,"2026-06-07 11:00:19.489305"
"1C6SRFU91MN903641","1C6SRFFT3MN695030","1.0",13,"2026-06-07 11:00:19.489305"
"1C6SRFU91MN903641","1C6SRFFT4MN696283","0.8681842762664499",24,"2026-06-07 11:00:19.489305"
"1C6SRFU91MN903641","1C6SRFFT6MN650230","1.0",14,"2026-06-07 11:00:19.489305"
"1C6SRFU91MN903641","1C6SRFJT3MN776133","0.6898019764444676",27,"2026-06-07 11:00:19.489305"
"1C6SRFU91MN903641","1C6SRFLT8MN535682","1.0",15,"2026-06-07 11:00:19.489305"
"1C6SRFU91MN903641","1C6SRFU99MN684833","1.0",22,"2026-06-07 11:00:19.489305"
"1C6SRFU91MN903641","1HGCV1F3XJA000638","1.0",4,"2026-06-07 11:00:19.489305"
"1C6SRFU91MN903641","1HGCV2F53JA026652","1.0",6,"2026-06-07 11:00:19.489305"
"1C6SRFU91MN903641","1HGCV2F91JA034350","1.0",5,"2026-06-07 11:00:19.489305"
"1C6SRFU91MN903641","1HGCV2F9XJA005610","0.8574628516383833",25,"2026-06-07 11:00:19.489305"
"1C6SRFU91MN903641","1N4BL4DV8SN306257","0.5870752095838597",28,"2026-06-07 11:00:19.489305"
"1C6SRFU91MN903641","2C3CDYCJ1DH668223","1.0",7,"2026-06-07 11:00:19.489305"
"1C6SRFU91MN903641","2C3CDZAG2NH128233","1.0",18,"2026-06-07 11:00:19.489305"
"1C6SRFU91MN903641","2C3CDZBT9NH156493","1.0",11,"2026-06-07 11:00:19.489305"
"1C6SRFU91MN903641","2C3CDZFJ0NH260606","1.0",19,"2026-06-07 11:00:19.489305"
"1C6SRFU91MN903641","2C3CDZFJ2NH204165","1.0",10,"2026-06-07 11:00:19.489305"
"1C6SRFU91MN903641","2C3CDZFJ7LH104141","1.0",8,"2026-06-07 11:00:19.489305"
"1C6SRFU91MN903641","2C3CDZJG3LH135107","1.0",12,"2026-06-07 11:00:19.489305"
"1C6SRFU91MN903641","2C3CDZKG5NH160897","1.0",9,"2026-06-07 11:00:19.489305"
"1C6SRFU91MN903641","2C3CDZKG9NH160711","1.0",17,"2026-06-07 11:00:19.489305"
"1C6SRFU91MN903641","3C63R5DL5SG528420","1.0",1,"2026-06-07 11:00:19.489305"
"1C6SRFU91MN903641","5FNYF6H06NB078087","0.7857568672881018",26,"2026-06-07 11:00:19.489305"
"1C6SRFU91MN903641","7MMVAAEW9SN141337","1.0",20,"2026-06-07 11:00:19.489305"
"1C6SRFU91MN903641","7SVAAABA3RX027653","1.0",23,"2026-06-07 11:00:19.489305"
"1C6SRFU91MN903641","WDC0G4JB2JV036256","1.0",3,"2026-06-07 11:00:19.489305"
"1C6SRFU99MN684833","1C4RJGBG9SC363955","1.0",2,"2026-06-07 11:00:19.489305"
"1C6SRFU99MN684833","1C4RJXR65SW512437","0.49348727271304055",29,"2026-06-07 11:00:19.489305"
"1C6SRFU99MN684833","1C6RREBG2MN711445","1.0",22,"2026-06-07 11:00:19.489305"
"1C6SRFU99MN684833","1C6SRFBT6MN796293","1.0",21,"2026-06-07 11:00:19.489305"
"1C6SRFU99MN684833","1C6SRFFT3MN695030","1.0",13,"2026-06-07 11:00:19.489305"
"1C6SRFU99MN684833","1C6SRFFT4MN696283","0.8681842762664499",24,"2026-06-07 11:00:19.489305"
"1C6SRFU99MN684833","1C6SRFFT6MN650230","1.0",15,"2026-06-07 11:00:19.489305"
"1C6SRFU99MN684833","1C6SRFJT3MN776133","0.6898019764444676",27,"2026-06-07 11:00:19.489305"
"1C6SRFU99MN684833","1C6SRFLT8MN535682","1.0",16,"2026-06-07 11:00:19.489305"
"1C6SRFU99MN684833","1C6SRFU91MN903641","1.0",14,"2026-06-07 11:00:19.489305"
"1C6SRFU99MN684833","1HGCV1F3XJA000638","1.0",4,"2026-06-07 11:00:19.489305"
"1C6SRFU99MN684833","1HGCV2F53JA026652","1.0",6,"2026-06-07 11:00:19.489305"
"1C6SRFU99MN684833","1HGCV2F91JA034350","1.0",5,"2026-06-07 11:00:19.489305"
"1C6SRFU99MN684833","1HGCV2F9XJA005610","0.8574628516383833",25,"2026-06-07 11:00:19.489305"
"1C6SRFU99MN684833","1N4BL4DV8SN306257","0.5870752095838597",28,"2026-06-07 11:00:19.489305"
"1C6SRFU99MN684833","2C3CDYCJ1DH668223","1.0",7,"2026-06-07 11:00:19.489305"
"1C6SRFU99MN684833","2C3CDZAG2NH128233","1.0",18,"2026-06-07 11:00:19.489305"
"1C6SRFU99MN684833","2C3CDZBT9NH156493","1.0",11,"2026-06-07 11:00:19.489305"
"1C6SRFU99MN684833","2C3CDZFJ0NH260606","1.0",19,"2026-06-07 11:00:19.489305"
"1C6SRFU99MN684833","2C3CDZFJ2NH204165","1.0",10,"2026-06-07 11:00:19.489305"
"1C6SRFU99MN684833","2C3CDZFJ7LH104141","1.0",8,"2026-06-07 11:00:19.489305"
"1C6SRFU99MN684833","2C3CDZJG3LH135107","1.0",12,"2026-06-07 11:00:19.489305"
"1C6SRFU99MN684833","2C3CDZKG5NH160897","1.0",9,"2026-06-07 11:00:19.489305"
"1C6SRFU99MN684833","2C3CDZKG9NH160711","1.0",17,"2026-06-07 11:00:19.489305"
"1C6SRFU99MN684833","3C63R5DL5SG528420","1.0",1,"2026-06-07 11:00:19.489305"
"1C6SRFU99MN684833","5FNYF6H06NB078087","0.7857568672881018",26,"2026-06-07 11:00:19.489305"
"1C6SRFU99MN684833","7MMVAAEW9SN141337","1.0",20,"2026-06-07 11:00:19.489305"
"1C6SRFU99MN684833","7SVAAABA3RX027653","1.0",23,"2026-06-07 11:00:19.489305"
"1C6SRFU99MN684833","WDC0G4JB2JV036256","1.0",3,"2026-06-07 11:00:19.489305"
"1G1YW3DW2B5109821","1C4RJXP64SW601144","0.5829205565800616",12,"2026-06-07 11:00:19.489305"
"1G1YW3DW2B5109821","1C4RJXR65SW512437","0.583368381111932",4,"2026-06-07 11:00:19.489305"
"1G1YW3DW2B5109821","1C6RRFFG0MN612090","0.7407488103679852",3,"2026-06-07 11:00:19.489305"
"1G1YW3DW2B5109821","1C6SRFFT4MN696283","0.3675906262833342",18,"2026-06-07 11:00:19.489305"
"1G1YW3DW2B5109821","1C6SRFJT3MN776133","0.42203336917091633",16,"2026-06-07 11:00:19.489305"
"1G1YW3DW2B5109821","1HGCV2F9XJA005610","0.3811492452039651",17,"2026-06-07 11:00:19.489305"
"1G1YW3DW2B5109821","1N4BL4DV8SN306257","0.4718930741685282",15,"2026-06-07 11:00:19.489305"
"1G1YW3DW2B5109821","5FNYF6H06NB078087","0.36055704885341716",19,"2026-06-07 11:00:19.489305"
"1G1YW3DW2B5109821","5J6RS3H4XRL000734","0.7407488103679852",1,"2026-06-07 11:00:19.489305"
"1G1YW3DW2B5109821","5LM5J7XC7SGL07549","0.5829205565800616",5,"2026-06-07 11:00:19.489305"
"1G1YW3DW2B5109821","5LMJJ2LT4MEL05490","0.5829205565800616",6,"2026-06-07 11:00:19.489305"
"1G1YW3DW2B5109821","5UX23EU00T9082219","0.5829205565800616",14,"2026-06-07 11:00:19.489305"
"1G1YW3DW2B5109821","5UX23EU02T9178952","0.5829205565800616",10,"2026-06-07 11:00:19.489305"
"1G1YW3DW2B5109821","5UX23EU04T9126142","0.5829205565800616",9,"2026-06-07 11:00:19.489305"
"1G1YW3DW2B5109821","5UX83DP08P9S45561","0.5829205565800616",8,"2026-06-07 11:00:19.489305"
"1G1YW3DW2B5109821","JM3KFBCM4S0560583","0.5829205565800616",13,"2026-06-07 11:00:19.489305"
"1G1YW3DW2B5109821","JN8AZ2AEXR9328894","0.5829205565800616",7,"2026-06-07 11:00:19.489305"
"1G1YW3DW2B5109821","ZFF98RNA5R0302338","0.7407488103679852",2,"2026-06-07 11:00:19.489305"
"1G1YW3DW2B5109821","ZN661YUM2PX408096","0.5829205565800616",11,"2026-06-07 11:00:19.489305"
"1HGCV1F3XJA000638","1C4RJGBG9SC363955","1.0",3,"2026-06-07 11:00:19.489305"
"1HGCV1F3XJA000638","1C4RJXR65SW512437","0.49348727271304055",29,"2026-06-07 11:00:19.489305"
"1HGCV1F3XJA000638","1C6RREBG2MN711445","1.0",21,"2026-06-07 11:00:19.489305"
"1HGCV1F3XJA000638","1C6SRFBT6MN796293","1.0",17,"2026-06-07 11:00:19.489305"
"1HGCV1F3XJA000638","1C6SRFFT3MN695030","1.0",13,"2026-06-07 11:00:19.489305"
"1HGCV1F3XJA000638","1C6SRFFT4MN696283","0.8681842762664499",24,"2026-06-07 11:00:19.489305"
"1HGCV1F3XJA000638","1C6SRFFT6MN650230","1.0",15,"2026-06-07 11:00:19.489305"
"1HGCV1F3XJA000638","1C6SRFJT3MN776133","0.6898019764444676",27,"2026-06-07 11:00:19.489305"
"1HGCV1F3XJA000638","1C6SRFLT8MN535682","1.0",16,"2026-06-07 11:00:19.489305"
"1HGCV1F3XJA000638","1C6SRFU91MN903641","1.0",14,"2026-06-07 11:00:19.489305"
"1HGCV1F3XJA000638","1C6SRFU99MN684833","1.0",22,"2026-06-07 11:00:19.489305"
"1HGCV1F3XJA000638","1HGCV2F53JA026652","1.0",6,"2026-06-07 11:00:19.489305"
"1HGCV1F3XJA000638","1HGCV2F91JA034350","1.0",1,"2026-06-07 11:00:19.489305"
"1HGCV1F3XJA000638","1HGCV2F9XJA005610","0.8574628516383833",25,"2026-06-07 11:00:19.489305"
"1HGCV1F3XJA000638","1N4BL4DV8SN306257","0.5870752095838597",28,"2026-06-07 11:00:19.489305"
"1HGCV1F3XJA000638","2C3CDYCJ1DH668223","1.0",5,"2026-06-07 11:00:19.489305"
"1HGCV1F3XJA000638","2C3CDZAG2NH128233","1.0",18,"2026-06-07 11:00:19.489305"
"1HGCV1F3XJA000638","2C3CDZBT9NH156493","1.0",11,"2026-06-07 11:00:19.489305"
"1HGCV1F3XJA000638","2C3CDZFJ0NH260606","1.0",19,"2026-06-07 11:00:19.489305"
"1HGCV1F3XJA000638","2C3CDZFJ2NH204165","1.0",10,"2026-06-07 11:00:19.489305"
"1HGCV1F3XJA000638","2C3CDZFJ7LH104141","1.0",7,"2026-06-07 11:00:19.489305"
"1HGCV1F3XJA000638","2C3CDZJG3LH135107","1.0",12,"2026-06-07 11:00:19.489305"
"1HGCV1F3XJA000638","2C3CDZKG5NH160897","1.0",9,"2026-06-07 11:00:19.489305"
"1HGCV1F3XJA000638","2C3CDZKG9NH160711","1.0",8,"2026-06-07 11:00:19.489305"
"1HGCV1F3XJA000638","3C63R5DL5SG528420","1.0",2,"2026-06-07 11:00:19.489305"
"1HGCV1F3XJA000638","5FNYF6H06NB078087","0.7857568672881018",26,"2026-06-07 11:00:19.489305"
"1HGCV1F3XJA000638","7MMVAAEW9SN141337","1.0",20,"2026-06-07 11:00:19.489305"
"1HGCV1F3XJA000638","7SVAAABA3RX027653","1.0",23,"2026-06-07 11:00:19.489305"
"1HGCV1F3XJA000638","WDC0G4JB2JV036256","1.0",4,"2026-06-07 11:00:19.489305"
"1HGCV2F53JA026652","1C4RJGBG9SC363955","1.0",2,"2026-06-07 11:00:19.489305"
"1HGCV2F53JA026652","1C4RJXR65SW512437","0.49348727271304055",29,"2026-06-07 11:00:19.489305"
"1HGCV2F53JA026652","1C6RREBG2MN711445","1.0",21,"2026-06-07 11:00:19.489305"
"1HGCV2F53JA026652","1C6SRFBT6MN796293","1.0",17,"2026-06-07 11:00:19.489305"
"1HGCV2F53JA026652","1C6SRFFT3MN695030","1.0",13,"2026-06-07 11:00:19.489305"
"1HGCV2F53JA026652","1C6SRFFT4MN696283","0.8681842762664499",24,"2026-06-07 11:00:19.489305"
"1HGCV2F53JA026652","1C6SRFFT6MN650230","1.0",15,"2026-06-07 11:00:19.489305"
"1HGCV2F53JA026652","1C6SRFJT3MN776133","0.6898019764444676",27,"2026-06-07 11:00:19.489305"
"1HGCV2F53JA026652","1C6SRFLT8MN535682","1.0",16,"2026-06-07 11:00:19.489305"
"1HGCV2F53JA026652","1C6SRFU91MN903641","1.0",14,"2026-06-07 11:00:19.489305"
"1HGCV2F53JA026652","1C6SRFU99MN684833","1.0",22,"2026-06-07 11:00:19.489305"
"1HGCV2F53JA026652","1HGCV1F3XJA000638","1.0",4,"2026-06-07 11:00:19.489305"
"1HGCV2F53JA026652","1HGCV2F91JA034350","1.0",5,"2026-06-07 11:00:19.489305"
"1HGCV2F53JA026652","1HGCV2F9XJA005610","0.8574628516383833",25,"2026-06-07 11:00:19.489305"
"1HGCV2F53JA026652","1N4BL4DV8SN306257","0.5870752095838597",28,"2026-06-07 11:00:19.489305"
"1HGCV2F53JA026652","2C3CDYCJ1DH668223","1.0",6,"2026-06-07 11:00:19.489305"
"1HGCV2F53JA026652","2C3CDZAG2NH128233","1.0",18,"2026-06-07 11:00:19.489305"
"1HGCV2F53JA026652","2C3CDZBT9NH156493","1.0",11,"2026-06-07 11:00:19.489305"
"1HGCV2F53JA026652","2C3CDZFJ0NH260606","1.0",19,"2026-06-07 11:00:19.489305"
"1HGCV2F53JA026652","2C3CDZFJ2NH204165","1.0",10,"2026-06-07 11:00:19.489305"
"1HGCV2F53JA026652","2C3CDZFJ7LH104141","1.0",7,"2026-06-07 11:00:19.489305"
"1HGCV2F53JA026652","2C3CDZJG3LH135107","1.0",12,"2026-06-07 11:00:19.489305"
"1HGCV2F53JA026652","2C3CDZKG5NH160897","1.0",9,"2026-06-07 11:00:19.489305"
"1HGCV2F53JA026652","2C3CDZKG9NH160711","1.0",8,"2026-06-07 11:00:19.489305"
"1HGCV2F53JA026652","3C63R5DL5SG528420","1.0",1,"2026-06-07 11:00:19.489305"
"1HGCV2F53JA026652","5FNYF6H06NB078087","0.7857568672881018",26,"2026-06-07 11:00:19.489305"
"1HGCV2F53JA026652","7MMVAAEW9SN141337","1.0",20,"2026-06-07 11:00:19.489305"
"1HGCV2F53JA026652","7SVAAABA3RX027653","1.0",23,"2026-06-07 11:00:19.489305"
"1HGCV2F53JA026652","WDC0G4JB2JV036256","1.0",3,"2026-06-07 11:00:19.489305"
"1HGCV2F91JA034350","1C4RJGBG9SC363955","1.0",2,"2026-06-07 11:00:19.489305"
"1HGCV2F91JA034350","1C4RJXR65SW512437","0.49348727271304055",29,"2026-06-07 11:00:19.489305"
"1HGCV2F91JA034350","1C6RREBG2MN711445","1.0",21,"2026-06-07 11:00:19.489305"
"1HGCV2F91JA034350","1C6SRFBT6MN796293","1.0",17,"2026-06-07 11:00:19.489305"
"1HGCV2F91JA034350","1C6SRFFT3MN695030","1.0",13,"2026-06-07 11:00:19.489305"
"1HGCV2F91JA034350","1C6SRFFT4MN696283","0.8681842762664499",24,"2026-06-07 11:00:19.489305"
"1HGCV2F91JA034350","1C6SRFFT6MN650230","1.0",15,"2026-06-07 11:00:19.489305"
"1HGCV2F91JA034350","1C6SRFJT3MN776133","0.6898019764444676",27,"2026-06-07 11:00:19.489305"
"1HGCV2F91JA034350","1C6SRFLT8MN535682","1.0",16,"2026-06-07 11:00:19.489305"
"1HGCV2F91JA034350","1C6SRFU91MN903641","1.0",14,"2026-06-07 11:00:19.489305"
"1HGCV2F91JA034350","1C6SRFU99MN684833","1.0",22,"2026-06-07 11:00:19.489305"
"1HGCV2F91JA034350","1HGCV1F3XJA000638","1.0",4,"2026-06-07 11:00:19.489305"
"1HGCV2F91JA034350","1HGCV2F53JA026652","1.0",5,"2026-06-07 11:00:19.489305"
"1HGCV2F91JA034350","1HGCV2F9XJA005610","0.8574628516383833",25,"2026-06-07 11:00:19.489305"
"1HGCV2F91JA034350","1N4BL4DV8SN306257","0.5870752095838597",28,"2026-06-07 11:00:19.489305"
"1HGCV2F91JA034350","2C3CDYCJ1DH668223","1.0",6,"2026-06-07 11:00:19.489305"
"1HGCV2F91JA034350","2C3CDZAG2NH128233","1.0",18,"2026-06-07 11:00:19.489305"
"1HGCV2F91JA034350","2C3CDZBT9NH156493","1.0",11,"2026-06-07 11:00:19.489305"
"1HGCV2F91JA034350","2C3CDZFJ0NH260606","1.0",19,"2026-06-07 11:00:19.489305"
"1HGCV2F91JA034350","2C3CDZFJ2NH204165","1.0",10,"2026-06-07 11:00:19.489305"
"1HGCV2F91JA034350","2C3CDZFJ7LH104141","1.0",7,"2026-06-07 11:00:19.489305"
"1HGCV2F91JA034350","2C3CDZJG3LH135107","1.0",12,"2026-06-07 11:00:19.489305"
"1HGCV2F91JA034350","2C3CDZKG5NH160897","1.0",9,"2026-06-07 11:00:19.489305"
"1HGCV2F91JA034350","2C3CDZKG9NH160711","1.0",8,"2026-06-07 11:00:19.489305"
"1HGCV2F91JA034350","3C63R5DL5SG528420","1.0",1,"2026-06-07 11:00:19.489305"
"1HGCV2F91JA034350","5FNYF6H06NB078087","0.7857568672881018",26,"2026-06-07 11:00:19.489305"
"1HGCV2F91JA034350","7MMVAAEW9SN141337","1.0",20,"2026-06-07 11:00:19.489305"
"1HGCV2F91JA034350","7SVAAABA3RX027653","1.0",23,"2026-06-07 11:00:19.489305"
"1HGCV2F91JA034350","WDC0G4JB2JV036256","1.0",3,"2026-06-07 11:00:19.489305"
"1HGCV2F9XJA005610","1C4RJGBG9SC363955","0.8574628516383833",4,"2026-06-07 11:00:19.489305"
"1HGCV2F9XJA005610","1C4RJXR65SW512437","0.4231470041077723",32,"2026-06-07 11:00:19.489305"
"1HGCV2F9XJA005610","1C6RREBG2MN711445","0.8574628516383833",24,"2026-06-07 11:00:19.489305"
"1HGCV2F9XJA005610","1C6RRFFG0MN612090","0.5145458755642413",29,"2026-06-07 11:00:19.489305"
"1HGCV2F9XJA005610","1C6SRFBT6MN796293","0.8574628516383833",22,"2026-06-07 11:00:19.489305"
"1HGCV2F9XJA005610","1C6SRFFT3MN695030","0.8574628516383833",14,"2026-06-07 11:00:19.489305"
"1HGCV2F9XJA005610","1C6SRFFT4MN696283","0.9997750084878667",1,"2026-06-07 11:00:19.489305"
"1HGCV2F9XJA005610","1C6SRFFT6MN650230","0.8574628516383833",15,"2026-06-07 11:00:19.489305"
"1HGCV2F9XJA005610","1C6SRFJT3MN776133","0.5914795697878661",27,"2026-06-07 11:00:19.489305"
"1HGCV2F9XJA005610","1C6SRFLT8MN535682","0.8574628516383833",25,"2026-06-07 11:00:19.489305"
"1HGCV2F9XJA005610","1C6SRFU91MN903641","0.8574628516383833",16,"2026-06-07 11:00:19.489305"
"1HGCV2F9XJA005610","1C6SRFU99MN684833","0.8574628516383833",23,"2026-06-07 11:00:19.489305"
"1HGCV2F9XJA005610","1G1YW3DW2B5109821","0.3811492452039651",33,"2026-06-07 11:00:19.489305"
"1HGCV2F9XJA005610","1HGCV1F3XJA000638","0.8574628516383833",12,"2026-06-07 11:00:19.489305"
"1HGCV2F9XJA005610","1HGCV2F53JA026652","0.8574628516383833",6,"2026-06-07 11:00:19.489305"
"1HGCV2F9XJA005610","1HGCV2F91JA034350","0.8574628516383833",5,"2026-06-07 11:00:19.489305"
"1HGCV2F9XJA005610","1N4BL4DV8SN306257","0.5033951833359779",31,"2026-06-07 11:00:19.489305"
"1HGCV2F9XJA005610","2C3CDYCJ1DH668223","0.8574628516383833",7,"2026-06-07 11:00:19.489305"
"1HGCV2F9XJA005610","2C3CDZAG2NH128233","0.8574628516383833",18,"2026-06-07 11:00:19.489305"
"1HGCV2F9XJA005610","2C3CDZBT9NH156493","0.8574628516383833",9,"2026-06-07 11:00:19.489305"
"1HGCV2F9XJA005610","2C3CDZFJ0NH260606","0.8574628516383833",19,"2026-06-07 11:00:19.489305"
"1HGCV2F9XJA005610","2C3CDZFJ2NH204165","0.8574628516383833",10,"2026-06-07 11:00:19.489305"
"1HGCV2F9XJA005610","2C3CDZFJ7LH104141","0.8574628516383833",8,"2026-06-07 11:00:19.489305"
"1HGCV2F9XJA005610","2C3CDZJG3LH135107","0.8574628516383833",11,"2026-06-07 11:00:19.489305"
"1HGCV2F9XJA005610","2C3CDZKG5NH160897","0.8574628516383833",20,"2026-06-07 11:00:19.489305"
"1HGCV2F9XJA005610","2C3CDZKG9NH160711","0.8574628516383833",17,"2026-06-07 11:00:19.489305"
"1HGCV2F9XJA005610","3C63R5DL5SG528420","0.8574628516383833",2,"2026-06-07 11:00:19.489305"
"1HGCV2F9XJA005610","5FNYF6H06NB078087","0.6737573241192985",26,"2026-06-07 11:00:19.489305"
"1HGCV2F9XJA005610","5J6RS3H4XRL000734","0.5145458755642413",30,"2026-06-07 11:00:19.489305"
"1HGCV2F9XJA005610","7MMVAAEW9SN141337","0.8574628516383833",21,"2026-06-07 11:00:19.489305"
"1HGCV2F9XJA005610","7SVAAABA3RX027653","0.8574628516383833",13,"2026-06-07 11:00:19.489305"
"1HGCV2F9XJA005610","WDC0G4JB2JV036256","0.8574628516383833",3,"2026-06-07 11:00:19.489305"
"1HGCV2F9XJA005610","ZFF98RNA5R0302338","0.5145458755642413",28,"2026-06-07 11:00:19.489305"
"1N4BL4DV8SN306257","1C4RJGBG9SC363955","0.5870752095838597",23,"2026-06-07 11:00:19.489305"
"1N4BL4DV8SN306257","1C4RJXP64SW601144","0.8095323948379504",12,"2026-06-07 11:00:19.489305"
"1N4BL4DV8SN306257","1C4RJXR65SW512437","0.9193041502342093",3,"2026-06-07 11:00:19.489305"
"1N4BL4DV8SN306257","1C6RREBG2MN711445","0.5870752095838597",14,"2026-06-07 11:00:19.489305"
"1N4BL4DV8SN306257","1C6SRFBT6MN796293","0.5870752095838597",16,"2026-06-07 11:00:19.489305"
"1N4BL4DV8SN306257","1C6SRFFT3MN695030","0.5870752095838597",36,"2026-06-07 11:00:19.489305"
"1N4BL4DV8SN306257","1C6SRFFT4MN696283","0.5096894659465376",38,"2026-06-07 11:00:19.489305"
"1N4BL4DV8SN306257","1C6SRFFT6MN650230","0.5870752095838597",34,"2026-06-07 11:00:19.489305"
"1N4BL4DV8SN306257","1C6SRFJT3MN776133","0.9910655469722645",1,"2026-06-07 11:00:19.489305"
"1N4BL4DV8SN306257","1C6SRFLT8MN535682","0.5870752095838597",33,"2026-06-07 11:00:19.489305"
"1N4BL4DV8SN306257","1C6SRFU91MN903641","0.5870752095838597",35,"2026-06-07 11:00:19.489305"
"1N4BL4DV8SN306257","1C6SRFU99MN684833","0.5870752095838597",15,"2026-06-07 11:00:19.489305"
"1N4BL4DV8SN306257","1G1YW3DW2B5109821","0.4718930741685282",40,"2026-06-07 11:00:19.489305"
"1N4BL4DV8SN306257","1HGCV1F3XJA000638","0.5870752095838597",21,"2026-06-07 11:00:19.489305"
"1N4BL4DV8SN306257","1HGCV2F53JA026652","0.5870752095838597",19,"2026-06-07 11:00:19.489305"
"1N4BL4DV8SN306257","1HGCV2F91JA034350","0.5870752095838597",20,"2026-06-07 11:00:19.489305"
"1N4BL4DV8SN306257","1HGCV2F9XJA005610","0.5033951833359779",39,"2026-06-07 11:00:19.489305"
"1N4BL4DV8SN306257","2C3CDYCJ1DH668223","0.5870752095838597",18,"2026-06-07 11:00:19.489305"
"1N4BL4DV8SN306257","2C3CDZAG2NH128233","0.5870752095838597",31,"2026-06-07 11:00:19.489305"
"1N4BL4DV8SN306257","2C3CDZBT9NH156493","0.5870752095838597",28,"2026-06-07 11:00:19.489305"
"1N4BL4DV8SN306257","2C3CDZFJ0NH260606","0.5870752095838597",30,"2026-06-07 11:00:19.489305"
"1N4BL4DV8SN306257","2C3CDZFJ2NH204165","0.5870752095838597",27,"2026-06-07 11:00:19.489305"
"1N4BL4DV8SN306257","2C3CDZFJ7LH104141","0.5870752095838597",25,"2026-06-07 11:00:19.489305"
"1N4BL4DV8SN306257","2C3CDZJG3LH135107","0.5870752095838597",26,"2026-06-07 11:00:19.489305"
"1N4BL4DV8SN306257","2C3CDZKG5NH160897","0.5870752095838597",29,"2026-06-07 11:00:19.489305"
"1N4BL4DV8SN306257","2C3CDZKG9NH160711","0.5870752095838597",32,"2026-06-07 11:00:19.489305"
"1N4BL4DV8SN306257","3C63R5DL5SG528420","0.5870752095838597",24,"2026-06-07 11:00:19.489305"
"1N4BL4DV8SN306257","5FNYF6H06NB078087","0.9620228895548821",2,"2026-06-07 11:00:19.489305"
"1N4BL4DV8SN306257","5LM5J7XC7SGL07549","0.8095323948379504",4,"2026-06-07 11:00:19.489305"
"1N4BL4DV8SN306257","5LMJJ2LT4MEL05490","0.8095323948379504",8,"2026-06-07 11:00:19.489305"
"1N4BL4DV8SN306257","5UX23EU00T9082219","0.8095323948379504",7,"2026-06-07 11:00:19.489305"
"1N4BL4DV8SN306257","5UX23EU02T9178952","0.8095323948379504",11,"2026-06-07 11:00:19.489305"
"1N4BL4DV8SN306257","5UX23EU04T9126142","0.8095323948379504",10,"2026-06-07 11:00:19.489305"
"1N4BL4DV8SN306257","5UX83DP08P9S45561","0.8095323948379504",6,"2026-06-07 11:00:19.489305"
"1N4BL4DV8SN306257","7MMVAAEW9SN141337","0.5870752095838597",17,"2026-06-07 11:00:19.489305"
"1N4BL4DV8SN306257","7SVAAABA3RX027653","0.5870752095838597",37,"2026-06-07 11:00:19.489305"
"1N4BL4DV8SN306257","JM3KFBCM4S0560583","0.8095323948379504",5,"2026-06-07 11:00:19.489305"
"1N4BL4DV8SN306257","JN8AZ2AEXR9328894","0.8095323948379504",13,"2026-06-07 11:00:19.489305"
"1N4BL4DV8SN306257","WDC0G4JB2JV036256","0.5870752095838597",22,"2026-06-07 11:00:19.489305"
"1N4BL4DV8SN306257","ZN661YUM2PX408096","0.8095323948379504",9,"2026-06-07 11:00:19.489305"
"2C3CDYCJ1DH668223","1C4RJGBG9SC363955","1.0",2,"2026-06-07 11:00:19.489305"
"2C3CDYCJ1DH668223","1C4RJXR65SW512437","0.49348727271304055",29,"2026-06-07 11:00:19.489305"
"2C3CDYCJ1DH668223","1C6RREBG2MN711445","1.0",21,"2026-06-07 11:00:19.489305"
"2C3CDYCJ1DH668223","1C6SRFBT6MN796293","1.0",17,"2026-06-07 11:00:19.489305"
"2C3CDYCJ1DH668223","1C6SRFFT3MN695030","1.0",13,"2026-06-07 11:00:19.489305"
"2C3CDYCJ1DH668223","1C6SRFFT4MN696283","0.8681842762664499",24,"2026-06-07 11:00:19.489305"
"2C3CDYCJ1DH668223","1C6SRFFT6MN650230","1.0",15,"2026-06-07 11:00:19.489305"
"2C3CDYCJ1DH668223","1C6SRFJT3MN776133","0.6898019764444676",27,"2026-06-07 11:00:19.489305"
"2C3CDYCJ1DH668223","1C6SRFLT8MN535682","1.0",16,"2026-06-07 11:00:19.489305"
"2C3CDYCJ1DH668223","1C6SRFU91MN903641","1.0",14,"2026-06-07 11:00:19.489305"
"2C3CDYCJ1DH668223","1C6SRFU99MN684833","1.0",22,"2026-06-07 11:00:19.489305"
"2C3CDYCJ1DH668223","1HGCV1F3XJA000638","1.0",4,"2026-06-07 11:00:19.489305"
"2C3CDYCJ1DH668223","1HGCV2F53JA026652","1.0",6,"2026-06-07 11:00:19.489305"
"2C3CDYCJ1DH668223","1HGCV2F91JA034350","1.0",5,"2026-06-07 11:00:19.489305"
"2C3CDYCJ1DH668223","1HGCV2F9XJA005610","0.8574628516383833",25,"2026-06-07 11:00:19.489305"
"2C3CDYCJ1DH668223","1N4BL4DV8SN306257","0.5870752095838597",28,"2026-06-07 11:00:19.489305"
"2C3CDYCJ1DH668223","2C3CDZAG2NH128233","1.0",18,"2026-06-07 11:00:19.489305"
"2C3CDYCJ1DH668223","2C3CDZBT9NH156493","1.0",11,"2026-06-07 11:00:19.489305"
"2C3CDYCJ1DH668223","2C3CDZFJ0NH260606","1.0",19,"2026-06-07 11:00:19.489305"
"2C3CDYCJ1DH668223","2C3CDZFJ2NH204165","1.0",10,"2026-06-07 11:00:19.489305"
"2C3CDYCJ1DH668223","2C3CDZFJ7LH104141","1.0",7,"2026-06-07 11:00:19.489305"
"2C3CDYCJ1DH668223","2C3CDZJG3LH135107","1.0",12,"2026-06-07 11:00:19.489305"
"2C3CDYCJ1DH668223","2C3CDZKG5NH160897","1.0",9,"2026-06-07 11:00:19.489305"
"2C3CDYCJ1DH668223","2C3CDZKG9NH160711","1.0",8,"2026-06-07 11:00:19.489305"
"2C3CDYCJ1DH668223","3C63R5DL5SG528420","1.0",1,"2026-06-07 11:00:19.489305"
"2C3CDYCJ1DH668223","5FNYF6H06NB078087","0.7857568672881018",26,"2026-06-07 11:00:19.489305"
"2C3CDYCJ1DH668223","7MMVAAEW9SN141337","1.0",20,"2026-06-07 11:00:19.489305"
"2C3CDYCJ1DH668223","7SVAAABA3RX027653","1.0",23,"2026-06-07 11:00:19.489305"
"2C3CDYCJ1DH668223","WDC0G4JB2JV036256","1.0",3,"2026-06-07 11:00:19.489305"
"2C3CDZAG2NH128233","1C4RJGBG9SC363955","1.0",2,"2026-06-07 11:00:19.489305"
"2C3CDZAG2NH128233","1C4RJXR65SW512437","0.49348727271304055",29,"2026-06-07 11:00:19.489305"
"2C3CDZAG2NH128233","1C6RREBG2MN711445","1.0",21,"2026-06-07 11:00:19.489305"
"2C3CDZAG2NH128233","1C6SRFBT6MN796293","1.0",13,"2026-06-07 11:00:19.489305"
"2C3CDZAG2NH128233","1C6SRFFT3MN695030","1.0",20,"2026-06-07 11:00:19.489305"
"2C3CDZAG2NH128233","1C6SRFFT4MN696283","0.8681842762664499",24,"2026-06-07 11:00:19.489305"
"2C3CDZAG2NH128233","1C6SRFFT6MN650230","1.0",15,"2026-06-07 11:00:19.489305"
"2C3CDZAG2NH128233","1C6SRFJT3MN776133","0.6898019764444676",27,"2026-06-07 11:00:19.489305"
"2C3CDZAG2NH128233","1C6SRFLT8MN535682","1.0",16,"2026-06-07 11:00:19.489305"
"2C3CDZAG2NH128233","1C6SRFU91MN903641","1.0",14,"2026-06-07 11:00:19.489305"
"2C3CDZAG2NH128233","1C6SRFU99MN684833","1.0",22,"2026-06-07 11:00:19.489305"
"2C3CDZAG2NH128233","1HGCV1F3XJA000638","1.0",4,"2026-06-07 11:00:19.489305"
"2C3CDZAG2NH128233","1HGCV2F53JA026652","1.0",6,"2026-06-07 11:00:19.489305"
"2C3CDZAG2NH128233","1HGCV2F91JA034350","1.0",5,"2026-06-07 11:00:19.489305"
"2C3CDZAG2NH128233","1HGCV2F9XJA005610","0.8574628516383833",25,"2026-06-07 11:00:19.489305"
"2C3CDZAG2NH128233","1N4BL4DV8SN306257","0.5870752095838597",28,"2026-06-07 11:00:19.489305"
"2C3CDZAG2NH128233","2C3CDYCJ1DH668223","1.0",7,"2026-06-07 11:00:19.489305"
"2C3CDZAG2NH128233","2C3CDZBT9NH156493","1.0",11,"2026-06-07 11:00:19.489305"
"2C3CDZAG2NH128233","2C3CDZFJ0NH260606","1.0",18,"2026-06-07 11:00:19.489305"
"2C3CDZAG2NH128233","2C3CDZFJ2NH204165","1.0",10,"2026-06-07 11:00:19.489305"
"2C3CDZAG2NH128233","2C3CDZFJ7LH104141","1.0",8,"2026-06-07 11:00:19.489305"
"2C3CDZAG2NH128233","2C3CDZJG3LH135107","1.0",12,"2026-06-07 11:00:19.489305"
"2C3CDZAG2NH128233","2C3CDZKG5NH160897","1.0",9,"2026-06-07 11:00:19.489305"
"2C3CDZAG2NH128233","2C3CDZKG9NH160711","1.0",17,"2026-06-07 11:00:19.489305"
"2C3CDZAG2NH128233","3C63R5DL5SG528420","1.0",1,"2026-06-07 11:00:19.489305"
"2C3CDZAG2NH128233","5FNYF6H06NB078087","0.7857568672881018",26,"2026-06-07 11:00:19.489305"
"2C3CDZAG2NH128233","7MMVAAEW9SN141337","1.0",19,"2026-06-07 11:00:19.489305"
"2C3CDZAG2NH128233","7SVAAABA3RX027653","1.0",23,"2026-06-07 11:00:19.489305"
"2C3CDZAG2NH128233","WDC0G4JB2JV036256","1.0",3,"2026-06-07 11:00:19.489305"
"2C3CDZBT9NH156493","1C4RJGBG9SC363955","1.0",2,"2026-06-07 11:00:19.489305"
"2C3CDZBT9NH156493","1C4RJXR65SW512437","0.49348727271304055",29,"2026-06-07 11:00:19.489305"
"2C3CDZBT9NH156493","1C6RREBG2MN711445","1.0",21,"2026-06-07 11:00:19.489305"
"2C3CDZBT9NH156493","1C6SRFBT6MN796293","1.0",13,"2026-06-07 11:00:19.489305"
"2C3CDZBT9NH156493","1C6SRFFT3MN695030","1.0",20,"2026-06-07 11:00:19.489305"
"2C3CDZBT9NH156493","1C6SRFFT4MN696283","0.8681842762664499",24,"2026-06-07 11:00:19.489305"
"2C3CDZBT9NH156493","1C6SRFFT6MN650230","1.0",15,"2026-06-07 11:00:19.489305"
"2C3CDZBT9NH156493","1C6SRFJT3MN776133","0.6898019764444676",27,"2026-06-07 11:00:19.489305"
"2C3CDZBT9NH156493","1C6SRFLT8MN535682","1.0",16,"2026-06-07 11:00:19.489305"
"2C3CDZBT9NH156493","1C6SRFU91MN903641","1.0",14,"2026-06-07 11:00:19.489305"
"2C3CDZBT9NH156493","1C6SRFU99MN684833","1.0",22,"2026-06-07 11:00:19.489305"
"2C3CDZBT9NH156493","1HGCV1F3XJA000638","1.0",4,"2026-06-07 11:00:19.489305"
"2C3CDZBT9NH156493","1HGCV2F53JA026652","1.0",6,"2026-06-07 11:00:19.489305"
"2C3CDZBT9NH156493","1HGCV2F91JA034350","1.0",5,"2026-06-07 11:00:19.489305"
"2C3CDZBT9NH156493","1HGCV2F9XJA005610","0.8574628516383833",25,"2026-06-07 11:00:19.489305"
"2C3CDZBT9NH156493","1N4BL4DV8SN306257","0.5870752095838597",28,"2026-06-07 11:00:19.489305"
"2C3CDZBT9NH156493","2C3CDYCJ1DH668223","1.0",7,"2026-06-07 11:00:19.489305"
"2C3CDZBT9NH156493","2C3CDZAG2NH128233","1.0",18,"2026-06-07 11:00:19.489305"
"2C3CDZBT9NH156493","2C3CDZFJ0NH260606","1.0",17,"2026-06-07 11:00:19.489305"
"2C3CDZBT9NH156493","2C3CDZFJ2NH204165","1.0",11,"2026-06-07 11:00:19.489305"
"2C3CDZBT9NH156493","2C3CDZFJ7LH104141","1.0",8,"2026-06-07 11:00:19.489305"
"2C3CDZBT9NH156493","2C3CDZJG3LH135107","1.0",12,"2026-06-07 11:00:19.489305"
"2C3CDZBT9NH156493","2C3CDZKG5NH160897","1.0",10,"2026-06-07 11:00:19.489305"
"2C3CDZBT9NH156493","2C3CDZKG9NH160711","1.0",9,"2026-06-07 11:00:19.489305"
"2C3CDZBT9NH156493","3C63R5DL5SG528420","1.0",1,"2026-06-07 11:00:19.489305"
"2C3CDZBT9NH156493","5FNYF6H06NB078087","0.7857568672881018",26,"2026-06-07 11:00:19.489305"
"2C3CDZBT9NH156493","7MMVAAEW9SN141337","1.0",19,"2026-06-07 11:00:19.489305"
"2C3CDZBT9NH156493","7SVAAABA3RX027653","1.0",23,"2026-06-07 11:00:19.489305"
"2C3CDZBT9NH156493","WDC0G4JB2JV036256","1.0",3,"2026-06-07 11:00:19.489305"
"2C3CDZFJ0NH260606","1C4RJGBG9SC363955","1.0",2,"2026-06-07 11:00:19.489305"
"2C3CDZFJ0NH260606","1C4RJXR65SW512437","0.49348727271304055",29,"2026-06-07 11:00:19.489305"
"2C3CDZFJ0NH260606","1C6RREBG2MN711445","1.0",21,"2026-06-07 11:00:19.489305"
"2C3CDZFJ0NH260606","1C6SRFBT6MN796293","1.0",13,"2026-06-07 11:00:19.489305"
"2C3CDZFJ0NH260606","1C6SRFFT3MN695030","1.0",20,"2026-06-07 11:00:19.489305"
"2C3CDZFJ0NH260606","1C6SRFFT4MN696283","0.8681842762664499",24,"2026-06-07 11:00:19.489305"
"2C3CDZFJ0NH260606","1C6SRFFT6MN650230","1.0",15,"2026-06-07 11:00:19.489305"
"2C3CDZFJ0NH260606","1C6SRFJT3MN776133","0.6898019764444676",27,"2026-06-07 11:00:19.489305"
"2C3CDZFJ0NH260606","1C6SRFLT8MN535682","1.0",16,"2026-06-07 11:00:19.489305"
"2C3CDZFJ0NH260606","1C6SRFU91MN903641","1.0",14,"2026-06-07 11:00:19.489305"
"2C3CDZFJ0NH260606","1C6SRFU99MN684833","1.0",22,"2026-06-07 11:00:19.489305"
"2C3CDZFJ0NH260606","1HGCV1F3XJA000638","1.0",4,"2026-06-07 11:00:19.489305"
"2C3CDZFJ0NH260606","1HGCV2F53JA026652","1.0",6,"2026-06-07 11:00:19.489305"
"2C3CDZFJ0NH260606","1HGCV2F91JA034350","1.0",5,"2026-06-07 11:00:19.489305"
"2C3CDZFJ0NH260606","1HGCV2F9XJA005610","0.8574628516383833",25,"2026-06-07 11:00:19.489305"
"2C3CDZFJ0NH260606","1N4BL4DV8SN306257","0.5870752095838597",28,"2026-06-07 11:00:19.489305"
"2C3CDZFJ0NH260606","2C3CDYCJ1DH668223","1.0",7,"2026-06-07 11:00:19.489305"
"2C3CDZFJ0NH260606","2C3CDZAG2NH128233","1.0",18,"2026-06-07 11:00:19.489305"
"2C3CDZFJ0NH260606","2C3CDZBT9NH156493","1.0",11,"2026-06-07 11:00:19.489305"
"2C3CDZFJ0NH260606","2C3CDZFJ2NH204165","1.0",10,"2026-06-07 11:00:19.489305"
"2C3CDZFJ0NH260606","2C3CDZFJ7LH104141","1.0",8,"2026-06-07 11:00:19.489305"
"2C3CDZFJ0NH260606","2C3CDZJG3LH135107","1.0",12,"2026-06-07 11:00:19.489305"
"2C3CDZFJ0NH260606","2C3CDZKG5NH160897","1.0",9,"2026-06-07 11:00:19.489305"
"2C3CDZFJ0NH260606","2C3CDZKG9NH160711","1.0",17,"2026-06-07 11:00:19.489305"
"2C3CDZFJ0NH260606","3C63R5DL5SG528420","1.0",1,"2026-06-07 11:00:19.489305"
"2C3CDZFJ0NH260606","5FNYF6H06NB078087","0.7857568672881018",26,"2026-06-07 11:00:19.489305"
"2C3CDZFJ0NH260606","7MMVAAEW9SN141337","1.0",19,"2026-06-07 11:00:19.489305"
"2C3CDZFJ0NH260606","7SVAAABA3RX027653","1.0",23,"2026-06-07 11:00:19.489305"
"2C3CDZFJ0NH260606","WDC0G4JB2JV036256","1.0",3,"2026-06-07 11:00:19.489305"
"2C3CDZFJ2NH204165","1C4RJGBG9SC363955","1.0",2,"2026-06-07 11:00:19.489305"
"2C3CDZFJ2NH204165","1C4RJXR65SW512437","0.49348727271304055",29,"2026-06-07 11:00:19.489305"
"2C3CDZFJ2NH204165","1C6RREBG2MN711445","1.0",21,"2026-06-07 11:00:19.489305"
"2C3CDZFJ2NH204165","1C6SRFBT6MN796293","1.0",13,"2026-06-07 11:00:19.489305"
"2C3CDZFJ2NH204165","1C6SRFFT3MN695030","1.0",20,"2026-06-07 11:00:19.489305"
"2C3CDZFJ2NH204165","1C6SRFFT4MN696283","0.8681842762664499",24,"2026-06-07 11:00:19.489305"
"2C3CDZFJ2NH204165","1C6SRFFT6MN650230","1.0",15,"2026-06-07 11:00:19.489305"
"2C3CDZFJ2NH204165","1C6SRFJT3MN776133","0.6898019764444676",27,"2026-06-07 11:00:19.489305"
"2C3CDZFJ2NH204165","1C6SRFLT8MN535682","1.0",16,"2026-06-07 11:00:19.489305"
"2C3CDZFJ2NH204165","1C6SRFU91MN903641","1.0",14,"2026-06-07 11:00:19.489305"
"2C3CDZFJ2NH204165","1C6SRFU99MN684833","1.0",22,"2026-06-07 11:00:19.489305"
"2C3CDZFJ2NH204165","1HGCV1F3XJA000638","1.0",4,"2026-06-07 11:00:19.489305"
"2C3CDZFJ2NH204165","1HGCV2F53JA026652","1.0",6,"2026-06-07 11:00:19.489305"
"2C3CDZFJ2NH204165","1HGCV2F91JA034350","1.0",5,"2026-06-07 11:00:19.489305"
"2C3CDZFJ2NH204165","1HGCV2F9XJA005610","0.8574628516383833",25,"2026-06-07 11:00:19.489305"
"2C3CDZFJ2NH204165","1N4BL4DV8SN306257","0.5870752095838597",28,"2026-06-07 11:00:19.489305"
"2C3CDZFJ2NH204165","2C3CDYCJ1DH668223","1.0",7,"2026-06-07 11:00:19.489305"
"2C3CDZFJ2NH204165","2C3CDZAG2NH128233","1.0",18,"2026-06-07 11:00:19.489305"
"2C3CDZFJ2NH204165","2C3CDZBT9NH156493","1.0",11,"2026-06-07 11:00:19.489305"
"2C3CDZFJ2NH204165","2C3CDZFJ0NH260606","1.0",17,"2026-06-07 11:00:19.489305"
"2C3CDZFJ2NH204165","2C3CDZFJ7LH104141","1.0",8,"2026-06-07 11:00:19.489305"
"2C3CDZFJ2NH204165","2C3CDZJG3LH135107","1.0",12,"2026-06-07 11:00:19.489305"
"2C3CDZFJ2NH204165","2C3CDZKG5NH160897","1.0",10,"2026-06-07 11:00:19.489305"
"2C3CDZFJ2NH204165","2C3CDZKG9NH160711","1.0",9,"2026-06-07 11:00:19.489305"
"2C3CDZFJ2NH204165","3C63R5DL5SG528420","1.0",1,"2026-06-07 11:00:19.489305"
"2C3CDZFJ2NH204165","5FNYF6H06NB078087","0.7857568672881018",26,"2026-06-07 11:00:19.489305"
"2C3CDZFJ2NH204165","7MMVAAEW9SN141337","1.0",19,"2026-06-07 11:00:19.489305"
"2C3CDZFJ2NH204165","7SVAAABA3RX027653","1.0",23,"2026-06-07 11:00:19.489305"
"2C3CDZFJ2NH204165","WDC0G4JB2JV036256","1.0",3,"2026-06-07 11:00:19.489305"
"2C3CDZFJ7LH104141","1C4RJGBG9SC363955","1.0",2,"2026-06-07 11:00:19.489305"
"2C3CDZFJ7LH104141","1C4RJXR65SW512437","0.49348727271304055",29,"2026-06-07 11:00:19.489305"
"2C3CDZFJ7LH104141","1C6RREBG2MN711445","1.0",21,"2026-06-07 11:00:19.489305"
"2C3CDZFJ7LH104141","1C6SRFBT6MN796293","1.0",17,"2026-06-07 11:00:19.489305"
"2C3CDZFJ7LH104141","1C6SRFFT3MN695030","1.0",13,"2026-06-07 11:00:19.489305"
"2C3CDZFJ7LH104141","1C6SRFFT4MN696283","0.8681842762664499",24,"2026-06-07 11:00:19.489305"
"2C3CDZFJ7LH104141","1C6SRFFT6MN650230","1.0",15,"2026-06-07 11:00:19.489305"
"2C3CDZFJ7LH104141","1C6SRFJT3MN776133","0.6898019764444676",27,"2026-06-07 11:00:19.489305"
"2C3CDZFJ7LH104141","1C6SRFLT8MN535682","1.0",16,"2026-06-07 11:00:19.489305"
"2C3CDZFJ7LH104141","1C6SRFU91MN903641","1.0",14,"2026-06-07 11:00:19.489305"
"2C3CDZFJ7LH104141","1C6SRFU99MN684833","1.0",22,"2026-06-07 11:00:19.489305"
"2C3CDZFJ7LH104141","1HGCV1F3XJA000638","1.0",4,"2026-06-07 11:00:19.489305"
"2C3CDZFJ7LH104141","1HGCV2F53JA026652","1.0",6,"2026-06-07 11:00:19.489305"
"2C3CDZFJ7LH104141","1HGCV2F91JA034350","1.0",5,"2026-06-07 11:00:19.489305"
"2C3CDZFJ7LH104141","1HGCV2F9XJA005610","0.8574628516383833",25,"2026-06-07 11:00:19.489305"
"2C3CDZFJ7LH104141","1N4BL4DV8SN306257","0.5870752095838597",28,"2026-06-07 11:00:19.489305"
"2C3CDZFJ7LH104141","2C3CDYCJ1DH668223","1.0",7,"2026-06-07 11:00:19.489305"
"2C3CDZFJ7LH104141","2C3CDZAG2NH128233","1.0",18,"2026-06-07 11:00:19.489305"
"2C3CDZFJ7LH104141","2C3CDZBT9NH156493","1.0",11,"2026-06-07 11:00:19.489305"
"2C3CDZFJ7LH104141","2C3CDZFJ0NH260606","1.0",19,"2026-06-07 11:00:19.489305"
"2C3CDZFJ7LH104141","2C3CDZFJ2NH204165","1.0",10,"2026-06-07 11:00:19.489305"
"2C3CDZFJ7LH104141","2C3CDZJG3LH135107","1.0",12,"2026-06-07 11:00:19.489305"
"2C3CDZFJ7LH104141","2C3CDZKG5NH160897","1.0",9,"2026-06-07 11:00:19.489305"
"2C3CDZFJ7LH104141","2C3CDZKG9NH160711","1.0",8,"2026-06-07 11:00:19.489305"
"2C3CDZFJ7LH104141","3C63R5DL5SG528420","1.0",1,"2026-06-07 11:00:19.489305"
"2C3CDZFJ7LH104141","5FNYF6H06NB078087","0.7857568672881018",26,"2026-06-07 11:00:19.489305"
"2C3CDZFJ7LH104141","7MMVAAEW9SN141337","1.0",20,"2026-06-07 11:00:19.489305"
"2C3CDZFJ7LH104141","7SVAAABA3RX027653","1.0",23,"2026-06-07 11:00:19.489305"
"2C3CDZFJ7LH104141","WDC0G4JB2JV036256","1.0",3,"2026-06-07 11:00:19.489305"
"2C3CDZJG3LH135107","1C4RJGBG9SC363955","1.0",2,"2026-06-07 11:00:19.489305"
"2C3CDZJG3LH135107","1C4RJXR65SW512437","0.49348727271304055",29,"2026-06-07 11:00:19.489305"
"2C3CDZJG3LH135107","1C6RREBG2MN711445","1.0",21,"2026-06-07 11:00:19.489305"
"2C3CDZJG3LH135107","1C6SRFBT6MN796293","1.0",13,"2026-06-07 11:00:19.489305"
"2C3CDZJG3LH135107","1C6SRFFT3MN695030","1.0",20,"2026-06-07 11:00:19.489305"
"2C3CDZJG3LH135107","1C6SRFFT4MN696283","0.8681842762664499",24,"2026-06-07 11:00:19.489305"
"2C3CDZJG3LH135107","1C6SRFFT6MN650230","1.0",15,"2026-06-07 11:00:19.489305"
"2C3CDZJG3LH135107","1C6SRFJT3MN776133","0.6898019764444676",27,"2026-06-07 11:00:19.489305"
"2C3CDZJG3LH135107","1C6SRFLT8MN535682","1.0",16,"2026-06-07 11:00:19.489305"
"2C3CDZJG3LH135107","1C6SRFU91MN903641","1.0",14,"2026-06-07 11:00:19.489305"
"2C3CDZJG3LH135107","1C6SRFU99MN684833","1.0",22,"2026-06-07 11:00:19.489305"
"2C3CDZJG3LH135107","1HGCV1F3XJA000638","1.0",4,"2026-06-07 11:00:19.489305"
"2C3CDZJG3LH135107","1HGCV2F53JA026652","1.0",6,"2026-06-07 11:00:19.489305"
"2C3CDZJG3LH135107","1HGCV2F91JA034350","1.0",5,"2026-06-07 11:00:19.489305"
"2C3CDZJG3LH135107","1HGCV2F9XJA005610","0.8574628516383833",25,"2026-06-07 11:00:19.489305"
"2C3CDZJG3LH135107","1N4BL4DV8SN306257","0.5870752095838597",28,"2026-06-07 11:00:19.489305"
"2C3CDZJG3LH135107","2C3CDYCJ1DH668223","1.0",7,"2026-06-07 11:00:19.489305"
"2C3CDZJG3LH135107","2C3CDZAG2NH128233","1.0",18,"2026-06-07 11:00:19.489305"
"2C3CDZJG3LH135107","2C3CDZBT9NH156493","1.0",12,"2026-06-07 11:00:19.489305"
"2C3CDZJG3LH135107","2C3CDZFJ0NH260606","1.0",17,"2026-06-07 11:00:19.489305"
"2C3CDZJG3LH135107","2C3CDZFJ2NH204165","1.0",11,"2026-06-07 11:00:19.489305"
"2C3CDZJG3LH135107","2C3CDZFJ7LH104141","1.0",8,"2026-06-07 11:00:19.489305"
"2C3CDZJG3LH135107","2C3CDZKG5NH160897","1.0",10,"2026-06-07 11:00:19.489305"
"2C3CDZJG3LH135107","2C3CDZKG9NH160711","1.0",9,"2026-06-07 11:00:19.489305"
"2C3CDZJG3LH135107","3C63R5DL5SG528420","1.0",1,"2026-06-07 11:00:19.489305"
"2C3CDZJG3LH135107","5FNYF6H06NB078087","0.7857568672881018",26,"2026-06-07 11:00:19.489305"
"2C3CDZJG3LH135107","7MMVAAEW9SN141337","1.0",19,"2026-06-07 11:00:19.489305"
"2C3CDZJG3LH135107","7SVAAABA3RX027653","1.0",23,"2026-06-07 11:00:19.489305"
"2C3CDZJG3LH135107","WDC0G4JB2JV036256","1.0",3,"2026-06-07 11:00:19.489305"
"2C3CDZKG5NH160897","1C4RJGBG9SC363955","1.0",2,"2026-06-07 11:00:19.489305"
"2C3CDZKG5NH160897","1C4RJXR65SW512437","0.49348727271304055",29,"2026-06-07 11:00:19.489305"
"2C3CDZKG5NH160897","1C6RREBG2MN711445","1.0",21,"2026-06-07 11:00:19.489305"
"2C3CDZKG5NH160897","1C6SRFBT6MN796293","1.0",13,"2026-06-07 11:00:19.489305"
"2C3CDZKG5NH160897","1C6SRFFT3MN695030","1.0",20,"2026-06-07 11:00:19.489305"
"2C3CDZKG5NH160897","1C6SRFFT4MN696283","0.8681842762664499",24,"2026-06-07 11:00:19.489305"
"2C3CDZKG5NH160897","1C6SRFFT6MN650230","1.0",15,"2026-06-07 11:00:19.489305"
"2C3CDZKG5NH160897","1C6SRFJT3MN776133","0.6898019764444676",27,"2026-06-07 11:00:19.489305"
"2C3CDZKG5NH160897","1C6SRFLT8MN535682","1.0",16,"2026-06-07 11:00:19.489305"
"2C3CDZKG5NH160897","1C6SRFU91MN903641","1.0",14,"2026-06-07 11:00:19.489305"
"2C3CDZKG5NH160897","1C6SRFU99MN684833","1.0",22,"2026-06-07 11:00:19.489305"
"2C3CDZKG5NH160897","1HGCV1F3XJA000638","1.0",4,"2026-06-07 11:00:19.489305"
"2C3CDZKG5NH160897","1HGCV2F53JA026652","1.0",6,"2026-06-07 11:00:19.489305"
"2C3CDZKG5NH160897","1HGCV2F91JA034350","1.0",5,"2026-06-07 11:00:19.489305"
"2C3CDZKG5NH160897","1HGCV2F9XJA005610","0.8574628516383833",25,"2026-06-07 11:00:19.489305"
"2C3CDZKG5NH160897","1N4BL4DV8SN306257","0.5870752095838597",28,"2026-06-07 11:00:19.489305"
"2C3CDZKG5NH160897","2C3CDYCJ1DH668223","1.0",7,"2026-06-07 11:00:19.489305"
"2C3CDZKG5NH160897","2C3CDZAG2NH128233","1.0",18,"2026-06-07 11:00:19.489305"
"2C3CDZKG5NH160897","2C3CDZBT9NH156493","1.0",11,"2026-06-07 11:00:19.489305"
"2C3CDZKG5NH160897","2C3CDZFJ0NH260606","1.0",17,"2026-06-07 11:00:19.489305"
"2C3CDZKG5NH160897","2C3CDZFJ2NH204165","1.0",10,"2026-06-07 11:00:19.489305"
"2C3CDZKG5NH160897","2C3CDZFJ7LH104141","1.0",8,"2026-06-07 11:00:19.489305"
"2C3CDZKG5NH160897","2C3CDZJG3LH135107","1.0",12,"2026-06-07 11:00:19.489305"
"2C3CDZKG5NH160897","2C3CDZKG9NH160711","1.0",9,"2026-06-07 11:00:19.489305"
"2C3CDZKG5NH160897","3C63R5DL5SG528420","1.0",1,"2026-06-07 11:00:19.489305"
"2C3CDZKG5NH160897","5FNYF6H06NB078087","0.7857568672881018",26,"2026-06-07 11:00:19.489305"
"2C3CDZKG5NH160897","7MMVAAEW9SN141337","1.0",19,"2026-06-07 11:00:19.489305"
"2C3CDZKG5NH160897","7SVAAABA3RX027653","1.0",23,"2026-06-07 11:00:19.489305"
"2C3CDZKG5NH160897","WDC0G4JB2JV036256","1.0",3,"2026-06-07 11:00:19.489305"
"2C3CDZKG9NH160711","1C4RJGBG9SC363955","1.0",2,"2026-06-07 11:00:19.489305"
"2C3CDZKG9NH160711","1C4RJXR65SW512437","0.49348727271304055",29,"2026-06-07 11:00:19.489305"
"2C3CDZKG9NH160711","1C6RREBG2MN711445","1.0",21,"2026-06-07 11:00:19.489305"
"2C3CDZKG9NH160711","1C6SRFBT6MN796293","1.0",13,"2026-06-07 11:00:19.489305"
"2C3CDZKG9NH160711","1C6SRFFT3MN695030","1.0",20,"2026-06-07 11:00:19.489305"
"2C3CDZKG9NH160711","1C6SRFFT4MN696283","0.8681842762664499",24,"2026-06-07 11:00:19.489305"
"2C3CDZKG9NH160711","1C6SRFFT6MN650230","1.0",15,"2026-06-07 11:00:19.489305"
"2C3CDZKG9NH160711","1C6SRFJT3MN776133","0.6898019764444676",27,"2026-06-07 11:00:19.489305"
"2C3CDZKG9NH160711","1C6SRFLT8MN535682","1.0",16,"2026-06-07 11:00:19.489305"
"2C3CDZKG9NH160711","1C6SRFU91MN903641","1.0",14,"2026-06-07 11:00:19.489305"
"2C3CDZKG9NH160711","1C6SRFU99MN684833","1.0",22,"2026-06-07 11:00:19.489305"
"2C3CDZKG9NH160711","1HGCV1F3XJA000638","1.0",4,"2026-06-07 11:00:19.489305"
"2C3CDZKG9NH160711","1HGCV2F53JA026652","1.0",6,"2026-06-07 11:00:19.489305"
"2C3CDZKG9NH160711","1HGCV2F91JA034350","1.0",5,"2026-06-07 11:00:19.489305"
"2C3CDZKG9NH160711","1HGCV2F9XJA005610","0.8574628516383833",25,"2026-06-07 11:00:19.489305"
"2C3CDZKG9NH160711","1N4BL4DV8SN306257","0.5870752095838597",28,"2026-06-07 11:00:19.489305"
"2C3CDZKG9NH160711","2C3CDYCJ1DH668223","1.0",7,"2026-06-07 11:00:19.489305"
"2C3CDZKG9NH160711","2C3CDZAG2NH128233","1.0",17,"2026-06-07 11:00:19.489305"
"2C3CDZKG9NH160711","2C3CDZBT9NH156493","1.0",11,"2026-06-07 11:00:19.489305"
"2C3CDZKG9NH160711","2C3CDZFJ0NH260606","1.0",18,"2026-06-07 11:00:19.489305"
"2C3CDZKG9NH160711","2C3CDZFJ2NH204165","1.0",10,"2026-06-07 11:00:19.489305"
"2C3CDZKG9NH160711","2C3CDZFJ7LH104141","1.0",8,"2026-06-07 11:00:19.489305"
"2C3CDZKG9NH160711","2C3CDZJG3LH135107","1.0",12,"2026-06-07 11:00:19.489305"
"2C3CDZKG9NH160711","2C3CDZKG5NH160897","1.0",9,"2026-06-07 11:00:19.489305"
"2C3CDZKG9NH160711","3C63R5DL5SG528420","1.0",1,"2026-06-07 11:00:19.489305"
"2C3CDZKG9NH160711","5FNYF6H06NB078087","0.7857568672881018",26,"2026-06-07 11:00:19.489305"
"2C3CDZKG9NH160711","7MMVAAEW9SN141337","1.0",19,"2026-06-07 11:00:19.489305"
"2C3CDZKG9NH160711","7SVAAABA3RX027653","1.0",23,"2026-06-07 11:00:19.489305"
"2C3CDZKG9NH160711","WDC0G4JB2JV036256","1.0",3,"2026-06-07 11:00:19.489305"
"3C63R5DL5SG528420","1C4RJGBG9SC363955","1.0",2,"2026-06-07 11:00:19.489305"
"3C63R5DL5SG528420","1C4RJXR65SW512437","0.49348727271304055",29,"2026-06-07 11:00:19.489305"
"3C63R5DL5SG528420","1C6RREBG2MN711445","1.0",21,"2026-06-07 11:00:19.489305"
"3C63R5DL5SG528420","1C6SRFBT6MN796293","1.0",17,"2026-06-07 11:00:19.489305"
"3C63R5DL5SG528420","1C6SRFFT3MN695030","1.0",13,"2026-06-07 11:00:19.489305"
"3C63R5DL5SG528420","1C6SRFFT4MN696283","0.8681842762664499",24,"2026-06-07 11:00:19.489305"
"3C63R5DL5SG528420","1C6SRFFT6MN650230","1.0",15,"2026-06-07 11:00:19.489305"
"3C63R5DL5SG528420","1C6SRFJT3MN776133","0.6898019764444676",27,"2026-06-07 11:00:19.489305"
"3C63R5DL5SG528420","1C6SRFLT8MN535682","1.0",16,"2026-06-07 11:00:19.489305"
"3C63R5DL5SG528420","1C6SRFU91MN903641","1.0",14,"2026-06-07 11:00:19.489305"
"3C63R5DL5SG528420","1C6SRFU99MN684833","1.0",22,"2026-06-07 11:00:19.489305"
"3C63R5DL5SG528420","1HGCV1F3XJA000638","1.0",4,"2026-06-07 11:00:19.489305"
"3C63R5DL5SG528420","1HGCV2F53JA026652","1.0",6,"2026-06-07 11:00:19.489305"
"3C63R5DL5SG528420","1HGCV2F91JA034350","1.0",1,"2026-06-07 11:00:19.489305"
"3C63R5DL5SG528420","1HGCV2F9XJA005610","0.8574628516383833",25,"2026-06-07 11:00:19.489305"
"3C63R5DL5SG528420","1N4BL4DV8SN306257","0.5870752095838597",28,"2026-06-07 11:00:19.489305"
"3C63R5DL5SG528420","2C3CDYCJ1DH668223","1.0",5,"2026-06-07 11:00:19.489305"
"3C63R5DL5SG528420","2C3CDZAG2NH128233","1.0",18,"2026-06-07 11:00:19.489305"
"3C63R5DL5SG528420","2C3CDZBT9NH156493","1.0",11,"2026-06-07 11:00:19.489305"
"3C63R5DL5SG528420","2C3CDZFJ0NH260606","1.0",19,"2026-06-07 11:00:19.489305"
"3C63R5DL5SG528420","2C3CDZFJ2NH204165","1.0",10,"2026-06-07 11:00:19.489305"
"3C63R5DL5SG528420","2C3CDZFJ7LH104141","1.0",7,"2026-06-07 11:00:19.489305"
"3C63R5DL5SG528420","2C3CDZJG3LH135107","1.0",12,"2026-06-07 11:00:19.489305"
"3C63R5DL5SG528420","2C3CDZKG5NH160897","1.0",9,"2026-06-07 11:00:19.489305"
"3C63R5DL5SG528420","2C3CDZKG9NH160711","1.0",8,"2026-06-07 11:00:19.489305"
"3C63R5DL5SG528420","5FNYF6H06NB078087","0.7857568672881018",26,"2026-06-07 11:00:19.489305"
"3C63R5DL5SG528420","7MMVAAEW9SN141337","1.0",20,"2026-06-07 11:00:19.489305"
"3C63R5DL5SG528420","7SVAAABA3RX027653","1.0",23,"2026-06-07 11:00:19.489305"
"3C63R5DL5SG528420","WDC0G4JB2JV036256","1.0",3,"2026-06-07 11:00:19.489305"
"5FNYF6H06NB078087","1C4RJGBG9SC363955","0.7857568672881018",10,"2026-06-07 11:00:19.489305"
"5FNYF6H06NB078087","1C4RJXP64SW601144","0.6185354844385149",34,"2026-06-07 11:00:19.489305"
"5FNYF6H06NB078087","1C4RJXR65SW512437","0.8688087911001405",3,"2026-06-07 11:00:19.489305"
"5FNYF6H06NB078087","1C6RREBG2MN711445","0.7857568672881018",14,"2026-06-07 11:00:19.489305"
"5FNYF6H06NB078087","1C6SRFBT6MN796293","0.7857568672881018",25,"2026-06-07 11:00:19.489305"
"5FNYF6H06NB078087","1C6SRFFT3MN695030","0.7857568672881018",21,"2026-06-07 11:00:19.489305"
"5FNYF6H06NB078087","1C6SRFFT4MN696283","0.6821817571479136",28,"2026-06-07 11:00:19.489305"
"5FNYF6H06NB078087","1C6SRFFT6MN650230","0.7857568672881018",23,"2026-06-07 11:00:19.489305"
"5FNYF6H06NB078087","1C6SRFJT3MN776133","0.9898351489507278",1,"2026-06-07 11:00:19.489305"
"5FNYF6H06NB078087","1C6SRFLT8MN535682","0.7857568672881018",16,"2026-06-07 11:00:19.489305"
"5FNYF6H06NB078087","1C6SRFU91MN903641","0.7857568672881018",22,"2026-06-07 11:00:19.489305"
"5FNYF6H06NB078087","1C6SRFU99MN684833","0.7857568672881018",13,"2026-06-07 11:00:19.489305"
"5FNYF6H06NB078087","1G1YW3DW2B5109821","0.36055704885341716",40,"2026-06-07 11:00:19.489305"
"5FNYF6H06NB078087","1HGCV1F3XJA000638","0.7857568672881018",12,"2026-06-07 11:00:19.489305"
"5FNYF6H06NB078087","1HGCV2F53JA026652","0.7857568672881018",6,"2026-06-07 11:00:19.489305"
"5FNYF6H06NB078087","1HGCV2F91JA034350","0.7857568672881018",5,"2026-06-07 11:00:19.489305"
"5FNYF6H06NB078087","1HGCV2F9XJA005610","0.6737573241192985",29,"2026-06-07 11:00:19.489305"
"5FNYF6H06NB078087","1N4BL4DV8SN306257","0.9620228895548821",2,"2026-06-07 11:00:19.489305"
"5FNYF6H06NB078087","2C3CDYCJ1DH668223","0.7857568672881018",7,"2026-06-07 11:00:19.489305"
"5FNYF6H06NB078087","2C3CDZAG2NH128233","0.7857568672881018",26,"2026-06-07 11:00:19.489305"
"5FNYF6H06NB078087","2C3CDZBT9NH156493","0.7857568672881018",18,"2026-06-07 11:00:19.489305"
"5FNYF6H06NB078087","2C3CDZFJ0NH260606","0.7857568672881018",27,"2026-06-07 11:00:19.489305"
"5FNYF6H06NB078087","2C3CDZFJ2NH204165","0.7857568672881018",19,"2026-06-07 11:00:19.489305"
"5FNYF6H06NB078087","2C3CDZFJ7LH104141","0.7857568672881018",8,"2026-06-07 11:00:19.489305"
"5FNYF6H06NB078087","2C3CDZJG3LH135107","0.7857568672881018",9,"2026-06-07 11:00:19.489305"
"5FNYF6H06NB078087","2C3CDZKG5NH160897","0.7857568672881018",20,"2026-06-07 11:00:19.489305"
"5FNYF6H06NB078087","2C3CDZKG9NH160711","0.7857568672881018",17,"2026-06-07 11:00:19.489305"
"5FNYF6H06NB078087","3C63R5DL5SG528420","0.7857568672881018",4,"2026-06-07 11:00:19.489305"
"5FNYF6H06NB078087","5LM5J7XC7SGL07549","0.6185354844385149",32,"2026-06-07 11:00:19.489305"
"5FNYF6H06NB078087","5LMJJ2LT4MEL05490","0.6185354844385149",39,"2026-06-07 11:00:19.489305"
"5FNYF6H06NB078087","5UX23EU00T9082219","0.6185354844385149",36,"2026-06-07 11:00:19.489305"
"5FNYF6H06NB078087","5UX23EU02T9178952","0.6185354844385149",31,"2026-06-07 11:00:19.489305"
"5FNYF6H06NB078087","5UX23EU04T9126142","0.6185354844385149",30,"2026-06-07 11:00:19.489305"
"5FNYF6H06NB078087","5UX83DP08P9S45561","0.6185354844385149",35,"2026-06-07 11:00:19.489305"
"5FNYF6H06NB078087","7MMVAAEW9SN141337","0.7857568672881018",24,"2026-06-07 11:00:19.489305"
"5FNYF6H06NB078087","7SVAAABA3RX027653","0.7857568672881018",15,"2026-06-07 11:00:19.489305"
"5FNYF6H06NB078087","JM3KFBCM4S0560583","0.6185354844385149",37,"2026-06-07 11:00:19.489305"
"5FNYF6H06NB078087","JN8AZ2AEXR9328894","0.6185354844385149",38,"2026-06-07 11:00:19.489305"
"5FNYF6H06NB078087","WDC0G4JB2JV036256","0.7857568672881018",11,"2026-06-07 11:00:19.489305"
"5FNYF6H06NB078087","ZN661YUM2PX408096","0.6185354844385149",33,"2026-06-07 11:00:19.489305"
"5J6RS3H4XRL000734","1C6RRFFG0MN612090","1.0",2,"2026-06-07 11:00:19.489305"
"5J6RS3H4XRL000734","1C6SRFFT4MN696283","0.49624193942441097",5,"2026-06-07 11:00:19.489305"
"5J6RS3H4XRL000734","1G1YW3DW2B5109821","0.7407488103679852",3,"2026-06-07 11:00:19.489305"
"5J6RS3H4XRL000734","1HGCV2F9XJA005610","0.5145458755642413",4,"2026-06-07 11:00:19.489305"
"5J6RS3H4XRL000734","ZFF98RNA5R0302338","1.0",1,"2026-06-07 11:00:19.489305"
"5LM5J7XC7SGL07549","1C4RJXP64SW601144","1.0",4,"2026-06-07 11:00:19.489305"
"5LM5J7XC7SGL07549","1C4RJXR65SW512437","0.7777205831339993",11,"2026-06-07 11:00:19.489305"
"5LM5J7XC7SGL07549","1C6SRFJT3MN776133","0.7239980892884361",12,"2026-06-07 11:00:19.489305"
"5LM5J7XC7SGL07549","1G1YW3DW2B5109821","0.5829205565800616",14,"2026-06-07 11:00:19.489305"
"5LM5J7XC7SGL07549","1N4BL4DV8SN306257","0.8095323948379504",10,"2026-06-07 11:00:19.489305"
"5LM5J7XC7SGL07549","5FNYF6H06NB078087","0.6185354844385149",13,"2026-06-07 11:00:19.489305"
"5LM5J7XC7SGL07549","5LMJJ2LT4MEL05490","1.0",9,"2026-06-07 11:00:19.489305"
"5LM5J7XC7SGL07549","5UX23EU00T9082219","1.0",7,"2026-06-07 11:00:19.489305"
"5LM5J7XC7SGL07549","5UX23EU02T9178952","1.0",2,"2026-06-07 11:00:19.489305"
"5LM5J7XC7SGL07549","5UX23EU04T9126142","1.0",1,"2026-06-07 11:00:19.489305"
"5LM5J7XC7SGL07549","5UX83DP08P9S45561","1.0",6,"2026-06-07 11:00:19.489305"
"5LM5J7XC7SGL07549","JM3KFBCM4S0560583","1.0",5,"2026-06-07 11:00:19.489305"
"5LM5J7XC7SGL07549","JN8AZ2AEXR9328894","1.0",3,"2026-06-07 11:00:19.489305"
"5LM5J7XC7SGL07549","ZN661YUM2PX408096","1.0",8,"2026-06-07 11:00:19.489305"
"5LMJJ2LT4MEL05490","1C4RJXP64SW601144","1.0",4,"2026-06-07 11:00:19.489305"
"5LMJJ2LT4MEL05490","1C4RJXR65SW512437","0.7777205831339993",11,"2026-06-07 11:00:19.489305"
"5LMJJ2LT4MEL05490","1C6SRFJT3MN776133","0.7239980892884361",12,"2026-06-07 11:00:19.489305"
"5LMJJ2LT4MEL05490","1G1YW3DW2B5109821","0.5829205565800616",14,"2026-06-07 11:00:19.489305"
"5LMJJ2LT4MEL05490","1N4BL4DV8SN306257","0.8095323948379504",10,"2026-06-07 11:00:19.489305"
"5LMJJ2LT4MEL05490","5FNYF6H06NB078087","0.6185354844385149",13,"2026-06-07 11:00:19.489305"
"5LMJJ2LT4MEL05490","5LM5J7XC7SGL07549","1.0",1,"2026-06-07 11:00:19.489305"
"5LMJJ2LT4MEL05490","5UX23EU00T9082219","1.0",7,"2026-06-07 11:00:19.489305"
"5LMJJ2LT4MEL05490","5UX23EU02T9178952","1.0",2,"2026-06-07 11:00:19.489305"
"5LMJJ2LT4MEL05490","5UX23EU04T9126142","1.0",3,"2026-06-07 11:00:19.489305"
"5LMJJ2LT4MEL05490","5UX83DP08P9S45561","1.0",6,"2026-06-07 11:00:19.489305"
"5LMJJ2LT4MEL05490","JM3KFBCM4S0560583","1.0",5,"2026-06-07 11:00:19.489305"
"5LMJJ2LT4MEL05490","JN8AZ2AEXR9328894","1.0",9,"2026-06-07 11:00:19.489305"
"5LMJJ2LT4MEL05490","ZN661YUM2PX408096","1.0",8,"2026-06-07 11:00:19.489305"
"5UX23EU00T9082219","1C4RJXP64SW601144","1.0",4,"2026-06-07 11:00:19.489305"
"5UX23EU00T9082219","1C4RJXR65SW512437","0.7777205831339993",11,"2026-06-07 11:00:19.489305"
"5UX23EU00T9082219","1C6SRFJT3MN776133","0.7239980892884361",12,"2026-06-07 11:00:19.489305"
"5UX23EU00T9082219","1G1YW3DW2B5109821","0.5829205565800616",14,"2026-06-07 11:00:19.489305"
"5UX23EU00T9082219","1N4BL4DV8SN306257","0.8095323948379504",10,"2026-06-07 11:00:19.489305"
"5UX23EU00T9082219","5FNYF6H06NB078087","0.6185354844385149",13,"2026-06-07 11:00:19.489305"
"5UX23EU00T9082219","5LM5J7XC7SGL07549","1.0",1,"2026-06-07 11:00:19.489305"
"5UX23EU00T9082219","5LMJJ2LT4MEL05490","1.0",9,"2026-06-07 11:00:19.489305"
"5UX23EU00T9082219","5UX23EU02T9178952","1.0",7,"2026-06-07 11:00:19.489305"
"5UX23EU00T9082219","5UX23EU04T9126142","1.0",2,"2026-06-07 11:00:19.489305"
"5UX23EU00T9082219","5UX83DP08P9S45561","1.0",6,"2026-06-07 11:00:19.489305"
"5UX23EU00T9082219","JM3KFBCM4S0560583","1.0",5,"2026-06-07 11:00:19.489305"
"5UX23EU00T9082219","JN8AZ2AEXR9328894","1.0",3,"2026-06-07 11:00:19.489305"
"5UX23EU00T9082219","ZN661YUM2PX408096","1.0",8,"2026-06-07 11:00:19.489305"
"5UX23EU02T9178952","1C4RJXP64SW601144","1.0",4,"2026-06-07 11:00:19.489305"
"5UX23EU02T9178952","1C4RJXR65SW512437","0.7777205831339993",11,"2026-06-07 11:00:19.489305"
"5UX23EU02T9178952","1C6SRFJT3MN776133","0.7239980892884361",12,"2026-06-07 11:00:19.489305"
"5UX23EU02T9178952","1G1YW3DW2B5109821","0.5829205565800616",14,"2026-06-07 11:00:19.489305"
"5UX23EU02T9178952","1N4BL4DV8SN306257","0.8095323948379504",10,"2026-06-07 11:00:19.489305"
"5UX23EU02T9178952","5FNYF6H06NB078087","0.6185354844385149",13,"2026-06-07 11:00:19.489305"
"5UX23EU02T9178952","5LM5J7XC7SGL07549","1.0",2,"2026-06-07 11:00:19.489305"
"5UX23EU02T9178952","5LMJJ2LT4MEL05490","1.0",9,"2026-06-07 11:00:19.489305"
"5UX23EU02T9178952","5UX23EU00T9082219","1.0",7,"2026-06-07 11:00:19.489305"
"5UX23EU02T9178952","5UX23EU04T9126142","1.0",1,"2026-06-07 11:00:19.489305"
"5UX23EU02T9178952","5UX83DP08P9S45561","1.0",6,"2026-06-07 11:00:19.489305"
"5UX23EU02T9178952","JM3KFBCM4S0560583","1.0",5,"2026-06-07 11:00:19.489305"
"5UX23EU02T9178952","JN8AZ2AEXR9328894","1.0",3,"2026-06-07 11:00:19.489305"
"5UX23EU02T9178952","ZN661YUM2PX408096","1.0",8,"2026-06-07 11:00:19.489305"
"5UX23EU04T9126142","1C4RJXP64SW601144","1.0",4,"2026-06-07 11:00:19.489305"
"5UX23EU04T9126142","1C4RJXR65SW512437","0.7777205831339993",11,"2026-06-07 11:00:19.489305"
"5UX23EU04T9126142","1C6SRFJT3MN776133","0.7239980892884361",12,"2026-06-07 11:00:19.489305"
"5UX23EU04T9126142","1G1YW3DW2B5109821","0.5829205565800616",14,"2026-06-07 11:00:19.489305"
"5UX23EU04T9126142","1N4BL4DV8SN306257","0.8095323948379504",10,"2026-06-07 11:00:19.489305"
"5UX23EU04T9126142","5FNYF6H06NB078087","0.6185354844385149",13,"2026-06-07 11:00:19.489305"
"5UX23EU04T9126142","5LM5J7XC7SGL07549","1.0",1,"2026-06-07 11:00:19.489305"
"5UX23EU04T9126142","5LMJJ2LT4MEL05490","1.0",9,"2026-06-07 11:00:19.489305"
"5UX23EU04T9126142","5UX23EU00T9082219","1.0",7,"2026-06-07 11:00:19.489305"
"5UX23EU04T9126142","5UX23EU02T9178952","1.0",2,"2026-06-07 11:00:19.489305"
"5UX23EU04T9126142","5UX83DP08P9S45561","1.0",6,"2026-06-07 11:00:19.489305"
"5UX23EU04T9126142","JM3KFBCM4S0560583","1.0",5,"2026-06-07 11:00:19.489305"
"5UX23EU04T9126142","JN8AZ2AEXR9328894","1.0",3,"2026-06-07 11:00:19.489305"
"5UX23EU04T9126142","ZN661YUM2PX408096","1.0",8,"2026-06-07 11:00:19.489305"
"5UX83DP08P9S45561","1C4RJXP64SW601144","1.0",4,"2026-06-07 11:00:19.489305"
"5UX83DP08P9S45561","1C4RJXR65SW512437","0.7777205831339993",11,"2026-06-07 11:00:19.489305"
"5UX83DP08P9S45561","1C6SRFJT3MN776133","0.7239980892884361",12,"2026-06-07 11:00:19.489305"
"5UX83DP08P9S45561","1G1YW3DW2B5109821","0.5829205565800616",14,"2026-06-07 11:00:19.489305"
"5UX83DP08P9S45561","1N4BL4DV8SN306257","0.8095323948379504",10,"2026-06-07 11:00:19.489305"
"5UX83DP08P9S45561","5FNYF6H06NB078087","0.6185354844385149",13,"2026-06-07 11:00:19.489305"
"5UX83DP08P9S45561","5LM5J7XC7SGL07549","1.0",1,"2026-06-07 11:00:19.489305"
"5UX83DP08P9S45561","5LMJJ2LT4MEL05490","1.0",9,"2026-06-07 11:00:19.489305"
"5UX83DP08P9S45561","5UX23EU00T9082219","1.0",6,"2026-06-07 11:00:19.489305"
"5UX83DP08P9S45561","5UX23EU02T9178952","1.0",7,"2026-06-07 11:00:19.489305"
"5UX83DP08P9S45561","5UX23EU04T9126142","1.0",2,"2026-06-07 11:00:19.489305"
"5UX83DP08P9S45561","JM3KFBCM4S0560583","1.0",5,"2026-06-07 11:00:19.489305"
"5UX83DP08P9S45561","JN8AZ2AEXR9328894","1.0",3,"2026-06-07 11:00:19.489305"
"5UX83DP08P9S45561","ZN661YUM2PX408096","1.0",8,"2026-06-07 11:00:19.489305"
"7MMVAAEW9SN141337","1C4RJGBG9SC363955","1.0",2,"2026-06-07 11:00:19.489305"
"7MMVAAEW9SN141337","1C4RJXR65SW512437","0.49348727271304055",29,"2026-06-07 11:00:19.489305"
"7MMVAAEW9SN141337","1C6RREBG2MN711445","1.0",21,"2026-06-07 11:00:19.489305"
"7MMVAAEW9SN141337","1C6SRFBT6MN796293","1.0",13,"2026-06-07 11:00:19.489305"
"7MMVAAEW9SN141337","1C6SRFFT3MN695030","1.0",20,"2026-06-07 11:00:19.489305"
"7MMVAAEW9SN141337","1C6SRFFT4MN696283","0.8681842762664499",24,"2026-06-07 11:00:19.489305"
"7MMVAAEW9SN141337","1C6SRFFT6MN650230","1.0",15,"2026-06-07 11:00:19.489305"
"7MMVAAEW9SN141337","1C6SRFJT3MN776133","0.6898019764444676",27,"2026-06-07 11:00:19.489305"
"7MMVAAEW9SN141337","1C6SRFLT8MN535682","1.0",16,"2026-06-07 11:00:19.489305"
"7MMVAAEW9SN141337","1C6SRFU91MN903641","1.0",14,"2026-06-07 11:00:19.489305"
"7MMVAAEW9SN141337","1C6SRFU99MN684833","1.0",22,"2026-06-07 11:00:19.489305"
"7MMVAAEW9SN141337","1HGCV1F3XJA000638","1.0",4,"2026-06-07 11:00:19.489305"
"7MMVAAEW9SN141337","1HGCV2F53JA026652","1.0",6,"2026-06-07 11:00:19.489305"
"7MMVAAEW9SN141337","1HGCV2F91JA034350","1.0",5,"2026-06-07 11:00:19.489305"
"7MMVAAEW9SN141337","1HGCV2F9XJA005610","0.8574628516383833",25,"2026-06-07 11:00:19.489305"
"7MMVAAEW9SN141337","1N4BL4DV8SN306257","0.5870752095838597",28,"2026-06-07 11:00:19.489305"
"7MMVAAEW9SN141337","2C3CDYCJ1DH668223","1.0",7,"2026-06-07 11:00:19.489305"
"7MMVAAEW9SN141337","2C3CDZAG2NH128233","1.0",18,"2026-06-07 11:00:19.489305"
"7MMVAAEW9SN141337","2C3CDZBT9NH156493","1.0",11,"2026-06-07 11:00:19.489305"
"7MMVAAEW9SN141337","2C3CDZFJ0NH260606","1.0",19,"2026-06-07 11:00:19.489305"
"7MMVAAEW9SN141337","2C3CDZFJ2NH204165","1.0",10,"2026-06-07 11:00:19.489305"
"7MMVAAEW9SN141337","2C3CDZFJ7LH104141","1.0",8,"2026-06-07 11:00:19.489305"
"7MMVAAEW9SN141337","2C3CDZJG3LH135107","1.0",12,"2026-06-07 11:00:19.489305"
"7MMVAAEW9SN141337","2C3CDZKG5NH160897","1.0",9,"2026-06-07 11:00:19.489305"
"7MMVAAEW9SN141337","2C3CDZKG9NH160711","1.0",17,"2026-06-07 11:00:19.489305"
"7MMVAAEW9SN141337","3C63R5DL5SG528420","1.0",1,"2026-06-07 11:00:19.489305"
"7MMVAAEW9SN141337","5FNYF6H06NB078087","0.7857568672881018",26,"2026-06-07 11:00:19.489305"
"7MMVAAEW9SN141337","7SVAAABA3RX027653","1.0",23,"2026-06-07 11:00:19.489305"
"7MMVAAEW9SN141337","WDC0G4JB2JV036256","1.0",3,"2026-06-07 11:00:19.489305"
"7SVAAABA3RX027653","1C4RJGBG9SC363955","1.0",2,"2026-06-07 11:00:19.489305"
"7SVAAABA3RX027653","1C4RJXR65SW512437","0.49348727271304055",29,"2026-06-07 11:00:19.489305"
"7SVAAABA3RX027653","1C6RREBG2MN711445","1.0",23,"2026-06-07 11:00:19.489305"
"7SVAAABA3RX027653","1C6SRFBT6MN796293","1.0",21,"2026-06-07 11:00:19.489305"
"7SVAAABA3RX027653","1C6SRFFT3MN695030","1.0",13,"2026-06-07 11:00:19.489305"
"7SVAAABA3RX027653","1C6SRFFT4MN696283","0.8681842762664499",24,"2026-06-07 11:00:19.489305"
"7SVAAABA3RX027653","1C6SRFFT6MN650230","1.0",15,"2026-06-07 11:00:19.489305"
"7SVAAABA3RX027653","1C6SRFJT3MN776133","0.6898019764444676",27,"2026-06-07 11:00:19.489305"
"7SVAAABA3RX027653","1C6SRFLT8MN535682","1.0",16,"2026-06-07 11:00:19.489305"
"7SVAAABA3RX027653","1C6SRFU91MN903641","1.0",14,"2026-06-07 11:00:19.489305"
"7SVAAABA3RX027653","1C6SRFU99MN684833","1.0",22,"2026-06-07 11:00:19.489305"
"7SVAAABA3RX027653","1HGCV1F3XJA000638","1.0",4,"2026-06-07 11:00:19.489305"
"7SVAAABA3RX027653","1HGCV2F53JA026652","1.0",6,"2026-06-07 11:00:19.489305"
"7SVAAABA3RX027653","1HGCV2F91JA034350","1.0",5,"2026-06-07 11:00:19.489305"
"7SVAAABA3RX027653","1HGCV2F9XJA005610","0.8574628516383833",25,"2026-06-07 11:00:19.489305"
"7SVAAABA3RX027653","1N4BL4DV8SN306257","0.5870752095838597",28,"2026-06-07 11:00:19.489305"
"7SVAAABA3RX027653","2C3CDYCJ1DH668223","1.0",7,"2026-06-07 11:00:19.489305"
"7SVAAABA3RX027653","2C3CDZAG2NH128233","1.0",18,"2026-06-07 11:00:19.489305"
"7SVAAABA3RX027653","2C3CDZBT9NH156493","1.0",11,"2026-06-07 11:00:19.489305"
"7SVAAABA3RX027653","2C3CDZFJ0NH260606","1.0",19,"2026-06-07 11:00:19.489305"
"7SVAAABA3RX027653","2C3CDZFJ2NH204165","1.0",10,"2026-06-07 11:00:19.489305"
"7SVAAABA3RX027653","2C3CDZFJ7LH104141","1.0",8,"2026-06-07 11:00:19.489305"
"7SVAAABA3RX027653","2C3CDZJG3LH135107","1.0",12,"2026-06-07 11:00:19.489305"
"7SVAAABA3RX027653","2C3CDZKG5NH160897","1.0",9,"2026-06-07 11:00:19.489305"
"7SVAAABA3RX027653","2C3CDZKG9NH160711","1.0",17,"2026-06-07 11:00:19.489305"
"7SVAAABA3RX027653","3C63R5DL5SG528420","1.0",1,"2026-06-07 11:00:19.489305"
"7SVAAABA3RX027653","5FNYF6H06NB078087","0.7857568672881018",26,"2026-06-07 11:00:19.489305"
"7SVAAABA3RX027653","7MMVAAEW9SN141337","1.0",20,"2026-06-07 11:00:19.489305"
"7SVAAABA3RX027653","WDC0G4JB2JV036256","1.0",3,"2026-06-07 11:00:19.489305"
"JM3KFBCM4S0560583","1C4RJXP64SW601144","1.0",4,"2026-06-07 11:00:19.489305"
"JM3KFBCM4S0560583","1C4RJXR65SW512437","0.7777205831339993",11,"2026-06-07 11:00:19.489305"
"JM3KFBCM4S0560583","1C6SRFJT3MN776133","0.7239980892884361",12,"2026-06-07 11:00:19.489305"
"JM3KFBCM4S0560583","1G1YW3DW2B5109821","0.5829205565800616",14,"2026-06-07 11:00:19.489305"
"JM3KFBCM4S0560583","1N4BL4DV8SN306257","0.8095323948379504",10,"2026-06-07 11:00:19.489305"
"JM3KFBCM4S0560583","5FNYF6H06NB078087","0.6185354844385149",13,"2026-06-07 11:00:19.489305"
"JM3KFBCM4S0560583","5LM5J7XC7SGL07549","1.0",1,"2026-06-07 11:00:19.489305"
"JM3KFBCM4S0560583","5LMJJ2LT4MEL05490","1.0",9,"2026-06-07 11:00:19.489305"
"JM3KFBCM4S0560583","5UX23EU00T9082219","1.0",7,"2026-06-07 11:00:19.489305"
"JM3KFBCM4S0560583","5UX23EU02T9178952","1.0",2,"2026-06-07 11:00:19.489305"
"JM3KFBCM4S0560583","5UX23EU04T9126142","1.0",3,"2026-06-07 11:00:19.489305"
"JM3KFBCM4S0560583","5UX83DP08P9S45561","1.0",6,"2026-06-07 11:00:19.489305"
"JM3KFBCM4S0560583","JN8AZ2AEXR9328894","1.0",5,"2026-06-07 11:00:19.489305"
"JM3KFBCM4S0560583","ZN661YUM2PX408096","1.0",8,"2026-06-07 11:00:19.489305"
"JN8AZ2AEXR9328894","1C4RJXP64SW601144","1.0",4,"2026-06-07 11:00:19.489305"
"JN8AZ2AEXR9328894","1C4RJXR65SW512437","0.7777205831339993",11,"2026-06-07 11:00:19.489305"
"JN8AZ2AEXR9328894","1C6SRFJT3MN776133","0.7239980892884361",12,"2026-06-07 11:00:19.489305"
"JN8AZ2AEXR9328894","1G1YW3DW2B5109821","0.5829205565800616",14,"2026-06-07 11:00:19.489305"
"JN8AZ2AEXR9328894","1N4BL4DV8SN306257","0.8095323948379504",10,"2026-06-07 11:00:19.489305"
"JN8AZ2AEXR9328894","5FNYF6H06NB078087","0.6185354844385149",13,"2026-06-07 11:00:19.489305"
"JN8AZ2AEXR9328894","5LM5J7XC7SGL07549","1.0",1,"2026-06-07 11:00:19.489305"
"JN8AZ2AEXR9328894","5LMJJ2LT4MEL05490","1.0",9,"2026-06-07 11:00:19.489305"
"JN8AZ2AEXR9328894","5UX23EU00T9082219","1.0",7,"2026-06-07 11:00:19.489305"
"JN8AZ2AEXR9328894","5UX23EU02T9178952","1.0",2,"2026-06-07 11:00:19.489305"
"JN8AZ2AEXR9328894","5UX23EU04T9126142","1.0",3,"2026-06-07 11:00:19.489305"
"JN8AZ2AEXR9328894","5UX83DP08P9S45561","1.0",6,"2026-06-07 11:00:19.489305"
"JN8AZ2AEXR9328894","JM3KFBCM4S0560583","1.0",5,"2026-06-07 11:00:19.489305"
"JN8AZ2AEXR9328894","ZN661YUM2PX408096","1.0",8,"2026-06-07 11:00:19.489305"
"WDC0G4JB2JV036256","1C4RJGBG9SC363955","1.0",3,"2026-06-07 11:00:19.489305"
"WDC0G4JB2JV036256","1C4RJXR65SW512437","0.49348727271304055",29,"2026-06-07 11:00:19.489305"
"WDC0G4JB2JV036256","1C6RREBG2MN711445","1.0",21,"2026-06-07 11:00:19.489305"
"WDC0G4JB2JV036256","1C6SRFBT6MN796293","1.0",17,"2026-06-07 11:00:19.489305"
"WDC0G4JB2JV036256","1C6SRFFT3MN695030","1.0",13,"2026-06-07 11:00:19.489305"
"WDC0G4JB2JV036256","1C6SRFFT4MN696283","0.8681842762664499",24,"2026-06-07 11:00:19.489305"
"WDC0G4JB2JV036256","1C6SRFFT6MN650230","1.0",15,"2026-06-07 11:00:19.489305"
"WDC0G4JB2JV036256","1C6SRFJT3MN776133","0.6898019764444676",27,"2026-06-07 11:00:19.489305"
"WDC0G4JB2JV036256","1C6SRFLT8MN535682","1.0",16,"2026-06-07 11:00:19.489305"
"WDC0G4JB2JV036256","1C6SRFU91MN903641","1.0",14,"2026-06-07 11:00:19.489305"
"WDC0G4JB2JV036256","1C6SRFU99MN684833","1.0",22,"2026-06-07 11:00:19.489305"
"WDC0G4JB2JV036256","1HGCV1F3XJA000638","1.0",4,"2026-06-07 11:00:19.489305"
"WDC0G4JB2JV036256","1HGCV2F53JA026652","1.0",6,"2026-06-07 11:00:19.489305"
"WDC0G4JB2JV036256","1HGCV2F91JA034350","1.0",1,"2026-06-07 11:00:19.489305"
"WDC0G4JB2JV036256","1HGCV2F9XJA005610","0.8574628516383833",25,"2026-06-07 11:00:19.489305"
"WDC0G4JB2JV036256","1N4BL4DV8SN306257","0.5870752095838597",28,"2026-06-07 11:00:19.489305"
"WDC0G4JB2JV036256","2C3CDYCJ1DH668223","1.0",5,"2026-06-07 11:00:19.489305"
"WDC0G4JB2JV036256","2C3CDZAG2NH128233","1.0",18,"2026-06-07 11:00:19.489305"
"WDC0G4JB2JV036256","2C3CDZBT9NH156493","1.0",11,"2026-06-07 11:00:19.489305"
"WDC0G4JB2JV036256","2C3CDZFJ0NH260606","1.0",19,"2026-06-07 11:00:19.489305"
"WDC0G4JB2JV036256","2C3CDZFJ2NH204165","1.0",10,"2026-06-07 11:00:19.489305"
"WDC0G4JB2JV036256","2C3CDZFJ7LH104141","1.0",7,"2026-06-07 11:00:19.489305"
"WDC0G4JB2JV036256","2C3CDZJG3LH135107","1.0",12,"2026-06-07 11:00:19.489305"
"WDC0G4JB2JV036256","2C3CDZKG5NH160897","1.0",9,"2026-06-07 11:00:19.489305"
"WDC0G4JB2JV036256","2C3CDZKG9NH160711","1.0",8,"2026-06-07 11:00:19.489305"
"WDC0G4JB2JV036256","3C63R5DL5SG528420","1.0",2,"2026-06-07 11:00:19.489305"
"WDC0G4JB2JV036256","5FNYF6H06NB078087","0.7857568672881018",26,"2026-06-07 11:00:19.489305"
"WDC0G4JB2JV036256","7MMVAAEW9SN141337","1.0",20,"2026-06-07 11:00:19.489305"
"WDC0G4JB2JV036256","7SVAAABA3RX027653","1.0",23,"2026-06-07 11:00:19.489305"
"ZFF98RNA5R0302338","1C6RRFFG0MN612090","1.0",2,"2026-06-07 11:00:19.489305"
"ZFF98RNA5R0302338","1C6SRFFT4MN696283","0.49624193942441097",5,"2026-06-07 11:00:19.489305"
"ZFF98RNA5R0302338","1G1YW3DW2B5109821","0.7407488103679852",3,"2026-06-07 11:00:19.489305"
"ZFF98RNA5R0302338","1HGCV2F9XJA005610","0.5145458755642413",4,"2026-06-07 11:00:19.489305"
"ZFF98RNA5R0302338","5J6RS3H4XRL000734","1.0",1,"2026-06-07 11:00:19.489305"
"ZN661YUM2PX408096","1C4RJXP64SW601144","1.0",4,"2026-06-07 11:00:19.489305"
"ZN661YUM2PX408096","1C4RJXR65SW512437","0.7777205831339993",11,"2026-06-07 11:00:19.489305"
"ZN661YUM2PX408096","1C6SRFJT3MN776133","0.7239980892884361",12,"2026-06-07 11:00:19.489305"
"ZN661YUM2PX408096","1G1YW3DW2B5109821","0.5829205565800616",14,"2026-06-07 11:00:19.489305"
"ZN661YUM2PX408096","1N4BL4DV8SN306257","0.8095323948379504",10,"2026-06-07 11:00:19.489305"
"ZN661YUM2PX408096","5FNYF6H06NB078087","0.6185354844385149",13,"2026-06-07 11:00:19.489305"
"ZN661YUM2PX408096","5LM5J7XC7SGL07549","1.0",2,"2026-06-07 11:00:19.489305"
"ZN661YUM2PX408096","5LMJJ2LT4MEL05490","1.0",9,"2026-06-07 11:00:19.489305"
"ZN661YUM2PX408096","5UX23EU00T9082219","1.0",7,"2026-06-07 11:00:19.489305"
"ZN661YUM2PX408096","5UX23EU02T9178952","1.0",8,"2026-06-07 11:00:19.489305"
"ZN661YUM2PX408096","5UX23EU04T9126142","1.0",1,"2026-06-07 11:00:19.489305"
"ZN661YUM2PX408096","5UX83DP08P9S45561","1.0",6,"2026-06-07 11:00:19.489305"
"ZN661YUM2PX408096","JM3KFBCM4S0560583","1.0",5,"2026-06-07 11:00:19.489305"
"ZN661YUM2PX408096","JN8AZ2AEXR9328894","1.0",3,"2026-06-07 11:00:19.489305"
